path	lexical_matches
src/dequant.rs	6
src/lib.rs	12
src/prelude.rs	13
src/testing.rs	1
src/tokens/generated/x86.rs	1
src/tokens/mod.rs	2
tests/arcane_inherent_no_receiver.rs	7
tests/arcane_macro.rs	33
tests/arcane_sibling_resolution.rs	4
tests/arcane_trait_recognition.rs	39
tests/arm_feature_intrinsics.rs	10
tests/autoversion_macro.rs	91
tests/avx512-cfg-tests/v4-all-token-forms/src/lib.rs	15
tests/avx512-cfg-tests/v4-import-intrinsics-no-feature/src/lib.rs	1
tests/avx512-cfg-tests/v4-no-import-intrinsics/src/lib.rs	2
tests/avx512-cfg-tests/with-avx512-feature/src/lib.rs	13
tests/avx512-cfg-tests/with-avx512-passthrough/src/lib.rs	5
tests/avx512_intrinsics_exercise.rs	16
tests/avx512fp16_intrinsics.rs	6
tests/calling_convention_matrix.rs	18
tests/cfg_elision.rs	8
tests/cfg_feature_syntax.rs	25
tests/compile_fail/autoversion_concrete_token.rs	2
tests/compile_fail/autoversion_in_trait_needs_self_type.rs	1
tests/compile_fail/autoversion_opaque_return.rs	1
tests/compile_fail/featureless_simdtoken.rs	2
tests/compile_fail/missing_scalar.rs	2
tests/compile_fail/rite_in_impl.rs	3
tests/compile_fail/rite_in_trait.rs	2
tests/compile_fail/scalar_default_mutual_exclusion.rs	2
tests/compile_fail/scalar_not_in_tier_list.rs	2
tests/compile_fail/token_aliasing.rs	1
tests/compile_fail/token_shadowing.rs	2
tests/compile_fail/two_token_params_arcane.rs	2
tests/compile_fail/two_token_params_rite.rs	2
tests/compile_fail/unknown_generic_bound.rs	1
tests/compile_fail/unknown_trait_bound.rs	1
tests/compile_fail.rs	5
tests/downstream-compat/compile-cost/src/lib.rs	17
tests/downstream-compat/linear-srgb/src/lib.rs	1
tests/downstream-compat/mixed-avx512/crate-with-avx512/src/lib.rs	3
tests/downstream-compat/mixed-avx512/crate-without-avx512/src/lib.rs	5
tests/downstream-compat/tier-modifiers/with-avx512/src/lib.rs	11
tests/downstream-compat/tier-modifiers/without-avx512/src/lib.rs	9
tests/exhaustive_intrinsics.rs	1
tests/expand/arcane/associated_type_bound.rs	2
tests/expand/arcane/box_dyn_return.rs	2
tests/expand/arcane/cfg_feature.rs	1
tests/expand/arcane/closure_param.rs	2
tests/expand/arcane/destructured_array.rs	2
tests/expand/arcane/destructured_nested.rs	2
tests/expand/arcane/destructured_tuple.rs	2
tests/expand/arcane/dyn_trait_param.rs	2
tests/expand/arcane/fn_ptr_param.rs	2
tests/expand/arcane/generic_const.rs	2
tests/expand/arcane/generic_lifetime.rs	2
tests/expand/arcane/generic_lifetime_and_type.rs	2
tests/expand/arcane/generic_multi_params.rs	2
tests/expand/arcane/generic_where_clause.rs	2
tests/expand/arcane/higher_ranked_trait_bound.rs	2
tests/expand/arcane/import_intrinsics.rs	1
tests/expand/arcane/multi_bounds.rs	2
tests/expand/arcane/multiple_wildcards.rs	2
tests/expand/arcane/nested.rs	1
tests/expand/arcane/nested_self.rs	1
tests/expand/arcane/return_impl_trait.rs	2
tests/expand/arcane/sibling.rs	1
tests/expand/arcane/token_first.rs	1
tests/expand/arcane/token_generic.rs	1
tests/expand/arcane/token_last.rs	1
tests/expand/arcane/token_middle.rs	1
tests/expand/arcane/token_neon.rs	1
tests/expand/arcane/token_trait_bound.rs	1
tests/expand/arcane/token_v2.rs	1
tests/expand/arcane/token_v3.rs	1
tests/expand/arcane/token_v4.rs	1
tests/expand/arcane/token_wasm.rs	1
tests/expand/arcane/unsafe_fn.rs	1
tests/expand/arcane/wildcard_token.rs	1
tests/expand/autoversion/basic.rs	1
tests/expand/autoversion/cfg_feature.rs	1
tests/expand/autoversion/default_tier.rs	1
tests/expand/autoversion/explicit_gated.rs	1
tests/expand/autoversion/explicit_v3_neon_scalar.rs	1
tests/expand/autoversion/explicit_v3_scalar.rs	1
tests/expand/autoversion/plain_self.rs	1
tests/expand/autoversion/scalar_token.rs	1
tests/expand/autoversion/self_type.rs	1
tests/expand/autoversion/tier_modifiers.rs	1
tests/expand/autoversion/unsafe_fn.rs	1
tests/expand/combinations/arcane_calls_rite.rs	2
tests/expand/combinations/autoversion_chain.rs	2
tests/expand/combinations/token_downgrade.rs	2
tests/expand/combinations/token_upgrade.rs	2
tests/expand/deprecated/autoversion_simdtoken.rs	1
tests/expand/deprecated/dispatch_variant.rs	2
tests/expand/deprecated/simd_fn.rs	1
tests/expand/deprecated/simd_route.rs	2
tests/expand/deprecated/token_target_features.rs	1
tests/expand/deprecated/token_target_features_boundary.rs	1
tests/expand/incant/default_tiers.rs	4
tests/expand/incant/feature_gated.rs	4
tests/expand/incant/tier_modifiers.rs	4
tests/expand/incant/token_explicit_first.rs	4
tests/expand/incant/token_explicit_last.rs	2
tests/expand/incant/token_prepend.rs	4
tests/expand/rewrite/arcane_downgrade.rs	4
tests/expand/rewrite/arcane_exact.rs	4
tests/expand/rewrite/arcane_named_token.rs	4
tests/expand/rewrite/arcane_token_last.rs	3
tests/expand/rewrite/arcane_upgrade.rs	4
tests/expand/rewrite/arcane_upgrade_gated.rs	4
tests/expand/rewrite/autoversion_exact.rs	4
tests/expand/rewrite/autoversion_upgrade.rs	4
tests/expand/rewrite/autoversion_upgrade_gated.rs	4
tests/expand/rewrite/cross_branch_no_downgrade.rs	3
tests/expand/rewrite/magetypes_rite_flag.rs	1
tests/expand/rewrite/rite_exact.rs	3
tests/expand/rewrite/rite_multi.rs	4
tests/expand/rewrite/rite_tokenless_passthrough.rs	3
tests/expand/rewrite/scalar_fallback.rs	3
tests/expand/rewrite/without_token_from_arcane.rs	4
tests/expand/rewrite/without_token_rite_multi.rs	3
tests/expand/rite/import_intrinsics.rs	1
tests/expand/rite/modifier_minus_scalar.rs	1
tests/expand/rite/modifier_mixed.rs	1
tests/expand/rite/modifier_plus_multi.rs	1
tests/expand/rite/multi_v3_neon.rs	1
tests/expand/rite/multi_v3_v4_neon.rs	1
tests/expand/rite/multi_with_cfg.rs	1
tests/expand/rite/multi_with_scalar_and_default.rs	1
tests/expand/rite/single_default.rs	1
tests/expand/rite/single_scalar.rs	1
tests/expand/rite/single_tier.rs	1
tests/expand/rite/single_token.rs	1
tests/expand/rite/trait_bound.rs	1
tests/expand/rite/unsafe_fn.rs	1
tests/expand/shapes/arcane_assoc_no_receiver_in_impl.rs	1
tests/expand/shapes/arcane_assoc_no_receiver_nested.rs	1
tests/expand/shapes/arcane_bounds_copy_then_where.rs	1
tests/expand/shapes/arcane_bounds_inline.rs	1
tests/expand/shapes/arcane_bounds_split.rs	1
tests/expand/shapes/arcane_bounds_where_only.rs	1
tests/expand/shapes/arcane_bounds_where_two.rs	1
tests/expand/shapes/arcane_gated_direct_tier_nested_incant.rs	3
tests/expand/shapes/arcane_generics_lifetime_const_type.rs	1
tests/expand/shapes/arcane_method_mut_self.rs	1
tests/expand/shapes/arcane_method_owned_self.rs	1
tests/expand/shapes/arcane_method_ref_self.rs	1
tests/expand/shapes/arcane_named_token_scalar_nested_incant.rs	2
tests/expand/shapes/arcane_return_impl_trait.rs	1
tests/expand/shapes/arcane_trait_impl_in_trait_box.rs	1
tests/expand/shapes/arcane_trait_impl_in_trait_lifetime.rs	1
tests/expand/shapes/arcane_trait_impl_in_trait_nested_impl.rs	1
tests/expand/shapes/arcane_trait_impl_in_trait_self.rs	1
tests/expand/shapes/arcane_trait_impl_in_trait_self_param.rs	1
tests/expand/shapes/arcane_trait_impl_nested_self.rs	1
tests/expand/shapes/arcane_tuple_pattern.rs	1
tests/expand/shapes/arcane_where_on_other_param.rs	1
tests/expand/shapes/arcane_wildcard_generic.rs	1
tests/expand/shapes/arcane_wildcard_impl_trait.rs	1
tests/expand/shapes/arcane_wildcard_token_nested_incant.rs	3
tests/expand/shapes/autoversion_assoc_no_receiver_in_impl.rs	1
tests/expand/shapes/autoversion_generics_lifetime_const_type.rs	1
tests/expand/shapes/autoversion_method_ref_self.rs	1
tests/expand/shapes/autoversion_token_last_param.rs	1
tests/expand/shapes/autoversion_trait_impl_in_trait.rs	1
tests/expand/shapes/autoversion_trait_impl_in_trait_box.rs	1
tests/expand/shapes/autoversion_trait_impl_in_trait_lifetime.rs	1
tests/expand/shapes/autoversion_trait_impl_in_trait_nested_impl.rs	1
tests/expand/shapes/autoversion_trait_impl_in_trait_self_param.rs	1
tests/expand/shapes/autoversion_tuple_pattern.rs	1
tests/expand/shapes/autoversion_wildcard_param.rs	1
tests/expand/shapes/magetypes_assoc_no_receiver_in_impl.rs	1
tests/expand/shapes/magetypes_method_ref_self.rs	1
tests/expand/shapes/rite_assoc_no_receiver.rs	1
tests/expand/shapes/rite_bounds_copy_then_where.rs	1
tests/expand/shapes/rite_bounds_inline.rs	1
tests/expand/shapes/rite_bounds_split.rs	1
tests/expand/shapes/rite_bounds_where_only.rs	1
tests/expand/shapes/rite_bounds_where_two.rs	1
tests/expand/shapes/rite_generics_lifetime_const_type.rs	1
tests/expand/shapes/rite_method_mut_self.rs	1
tests/expand/shapes/rite_method_owned_self.rs	1
tests/expand/shapes/rite_method_ref_self.rs	1
tests/expand/shapes/rite_tuple_pattern.rs	1
tests/expand/shapes/rite_where_on_other_param.rs	1
tests/expand/shapes/rite_wildcard_generic.rs	1
tests/expand/shapes/rite_wildcard_impl_trait.rs	1
tests/expand/should-fail/arcane_assoc_no_receiver.rs	1
tests/expand/should-fail/arcane_trait_impl_sibling.rs	1
tests/expand/should-fail/autoversion_assoc_no_receiver.rs	1
tests/expand/should-fail/autoversion_trait_impl.rs	2
tests/expand/should-fail/incant_passthrough.rs	4
tests/expand/should-fail/magetypes_assoc_no_receiver.rs	1
tests/expand/should-fail/rite_trait_impl.rs	2
tests/feature_consistency.rs	2
tests/from_context.rs	18
tests/idiomatic_patterns.rs	37
tests/import_intrinsics.rs	13
tests/incant_cfgout.rs	13
tests/incant_macro.rs	32
tests/incant_variants.rs	27
tests/macro_behavioral_contracts.rs	34
tests/magetypes_rite_flag.rs	25
tests/magetypes_scalar_dispatch.rs	14
tests/name_mangling.rs	36
tests/no-features-crate/src/lib.rs	10
tests/prelude_docs.rs	9
tests/rite_macro.rs	124
tests/rite_scalar_default.rs	34
tests/safe_memory_ops.rs	11
tests/self_replacement.rs	39
tests/sibling_expansion.rs	14
tests/soundness/from_context_weaker_context.rs	1
tests/soundness/raw_matching_context.rs	2
tests/soundness/raw_weaker_context.rs	1
tests/soundness/sibling_duplicate_exploit.rs	2
tests/soundness/sibling_import_exploit.rs	1
tests/soundness/sibling_param_shadow_exploit.rs	2
tests/soundness/token_aliasing_exploit.rs	2
tests/soundness/token_shadowing_exploit.rs	2
tests/soundness/tokenless_misdeclared_callee.rs	2
tests/soundness/tokenless_uncovered.rs	2
tests/soundness/trait_aliasing_exploit.rs	1
tests/soundness/trait_shadowing_exploit.rs	1
tests/soundness/trait_shadowing_generic_exploit.rs	1
tests/soundness/trait_shadowing_rite_exploit.rs	2
tests/soundness_edge_cases.rs	9
tests/soundness_exploits.rs	6
tests/test_direct_safe_simd.rs	4
tests/test_inline_safe_simd.rs	2
tests/tier_modifiers.rs	22
tests/tokenless_context.rs	20
tests/v2_integration.rs	16
tests/wasm_intrinsics_exercise.rs	11
tests/x86_crypto_intrinsics.rs	6
examples/alpha_blend.rs	5
examples/vertical_reduce.rs	1
magetypes/src/cast.rs	1
magetypes/src/lib.rs	2
magetypes/src/nostd_math.rs	6
magetypes/src/simd/generic/convert_f16.rs	18
magetypes/src/simd/generic/cross_width.rs	6
magetypes/src/simd/generic/generated/f32x16_impl.rs	4
magetypes/src/simd/generic/generated/f32x4_impl.rs	6
magetypes/src/simd/generic/generated/f32x8_impl.rs	2
magetypes/src/simd/generic/generated/f64x2_impl.rs	6
magetypes/src/simd/generic/generated/f64x4_impl.rs	2
magetypes/src/simd/generic/generated/f64x8_impl.rs	4
magetypes/src/simd/generic/generated/i16x16_impl.rs	2
magetypes/src/simd/generic/generated/i16x32_impl.rs	4
magetypes/src/simd/generic/generated/i16x8_impl.rs	6
magetypes/src/simd/generic/generated/i32x16_impl.rs	4
magetypes/src/simd/generic/generated/i32x4_impl.rs	6
magetypes/src/simd/generic/generated/i32x8_impl.rs	2
magetypes/src/simd/generic/generated/i64x2_impl.rs	6
magetypes/src/simd/generic/generated/i64x4_impl.rs	2
magetypes/src/simd/generic/generated/i64x8_impl.rs	4
magetypes/src/simd/generic/generated/i8x16_impl.rs	6
magetypes/src/simd/generic/generated/i8x32_impl.rs	2
magetypes/src/simd/generic/generated/i8x64_impl.rs	4
magetypes/src/simd/generic/generated/u16x16_impl.rs	2
magetypes/src/simd/generic/generated/u16x32_impl.rs	4
magetypes/src/simd/generic/generated/u16x8_impl.rs	6
magetypes/src/simd/generic/generated/u32x16_impl.rs	4
magetypes/src/simd/generic/generated/u32x4_impl.rs	6
magetypes/src/simd/generic/generated/u32x8_impl.rs	2
magetypes/src/simd/generic/generated/u64x2_impl.rs	6
magetypes/src/simd/generic/generated/u64x4_impl.rs	2
magetypes/src/simd/generic/generated/u64x8_impl.rs	4
magetypes/src/simd/generic/generated/u8x16_impl.rs	6
magetypes/src/simd/generic/generated/u8x32_impl.rs	2
magetypes/src/simd/generic/generated/u8x64_impl.rs	4
magetypes/src/simd/impls/arm_neon.rs	678
magetypes/src/simd/impls/x86_v3.rs	614
magetypes/src/simd/impls/x86_v4.rs	660
magetypes/src/simd/impls/x86_v4_f32_overrides.rs	3
magetypes/src/simd/mod.rs	1
magetypes/src/simd/scalar.rs	2
magetypes/src/simd_storage.rs	8
magetypes/src/wasm_fma.rs	11
magetypes/tests/accuracy_test.rs	14
magetypes/tests/archmage_doc_examples.rs	18
magetypes/tests/cbrt_range.rs	2
magetypes/tests/doc_examples.rs	20
magetypes/tests/exp2_lowp_range.rs	2
magetypes/tests/expand/define/empty_list.rs	1
magetypes/tests/expand/define/multiple_types.rs	1
magetypes/tests/expand/define/position_middle.rs	1
magetypes/tests/expand/define/single_type.rs	2
magetypes/tests/expand/define/strict_lints.rs	1
magetypes/tests/expand/define/with_rite_flag.rs	1
magetypes/tests/expand/rite_flag/basic.rs	3
magetypes/tests/expand/rite_flag/with_magetypes_body.rs	1
magetypes/tests/expand/without_token/magetypes_body.rs	7
magetypes/tests/fused_arithmetic.rs	5
magetypes/tests/harvest_shapes.rs	234
magetypes/tests/import_params.rs	37
magetypes/tests/incant_chain_combinations.rs	81
magetypes/tests/int_widen_narrow.rs	4
magetypes/tests/macro_expand.rs	4
magetypes/tests/magetypes_define_flag.rs	13
magetypes/tests/magetypes_macro.rs	29
magetypes/tests/raw_interop.rs	3
magetypes/tests/token_aliases.rs	2
magetypes/tests/transcendental_accuracy.rs	2
magetypes/tests/transcendental_edge_cases.rs	28
magetypes/examples/accuracy_test.rs	5
magetypes/examples/alpha_blend.rs	7
magetypes/examples/color_convert.rs	5
magetypes/examples/convolution.rs	3
magetypes/examples/cross_platform.rs	12
magetypes/examples/edge_case_test.rs	5
magetypes/examples/fast_dct.rs	6
magetypes/examples/generic_simd.rs	5
magetypes/examples/idiomatic_patterns_all.rs	60
magetypes/examples/isa_fixups.rs	4
magetypes/examples/magetypes_showcase.rs	27
magetypes/examples/plane_gain.rs	2
magetypes/examples/polyfill_demo.rs	3
magetypes/examples/simd_kernels.rs	11
magetypes/examples/transcendental_test.rs	7
magetypes/examples/u32_shift_anomaly.rs	16
