path	bytes	sha256	category
tests/expand/arcane/wildcard_token.expanded.rs	519	cec7eff9d3c25818e5eaaa1e0bef5529dcf3db44f702aa395b64dba6d543f781	snapshot
tests/expand/arcane/wildcard_token.rs	146	d629da13e762ff4646220af191d887a589af6646e9fa08fa0960af1fa2c62903	expansion-input
tests/expand/autoversion/basic.expanded.rs	1570	dd26e0a2b9cbe9fef2995a13f86109d63c0e7b10ce3b8b2fa0ca98d52b72a35b	snapshot
tests/expand/autoversion/basic.rs	142	3b7118240d8a568f4c8105d65f307255e3602f4ebe32d70a96ab58143bec092d	expansion-input
tests/expand/autoversion/cfg_feature.expanded.rs	1284	8562055e8fa8dca6093141deedd907a418e299a44d17e3f315fb537b51393f33	snapshot
tests/expand/autoversion/cfg_feature.rs	157	e280933ded157a5e82a1d87ae3757698ca9f52ffd71dd3950c3b025addedfaab	expansion-input
tests/expand/autoversion/default_tier.expanded.rs	1518	2f955e567393463c914e240905794c2075464782bd648649b2ba331c8010b0e5	snapshot
tests/expand/autoversion/default_tier.rs	152	7927a1be67f59ad0c75afea28898937a0893b10964c73026d3c8ebfc9e5ed928	expansion-input
tests/expand/autoversion/explicit_gated.expanded.rs	908	d4ba3ce91b309df53f43acd22b754c3a2081e9b3371cfcd6207a92412b7c3dc6	snapshot
tests/expand/autoversion/explicit_gated.rs	177	653e7e7dac1accb00af09844a3fddcf95ef15efa83696d779e5099f2c6b0d07a	expansion-input
tests/expand/autoversion/explicit_v3_neon_scalar.expanded.rs	908	d4ba3ce91b309df53f43acd22b754c3a2081e9b3371cfcd6207a92412b7c3dc6	snapshot
tests/expand/autoversion/explicit_v3_neon_scalar.rs	160	d0527e957a077f8fe22b15cb883144621706c6b30d3c656828c4481e46dd4e09	expansion-input
tests/expand/autoversion/explicit_v3_scalar.expanded.rs	908	d4ba3ce91b309df53f43acd22b754c3a2081e9b3371cfcd6207a92412b7c3dc6	snapshot
tests/expand/autoversion/explicit_v3_scalar.rs	154	483754833090a4a5ab9fe25cdfbec1d6b2a7dfcf6ae1954749fddea7830e20f4	expansion-input
tests/expand/autoversion/plain_self.expanded.rs	1793	bd9edc0781f7d6ca1ae3bc5f8dfe497140712876d32c9147a7d8e4d9d3e93c30	snapshot
tests/expand/autoversion/plain_self.rs	166	6f92d3aaefa3023f1508d439edbaa71249390557ec245e9432dda6bf5ef877ca	expansion-input
tests/expand/autoversion/scalar_token.expanded.rs	1642	ce3fa8fce261d8cf8d37aa9ca26ca1ee10e4aafa3fa4e52b06982474c27b2002	snapshot
tests/expand/autoversion/scalar_token.rs	181	003b911e28609f9dd4f8f695b823bf02148658c6579111dac6700aa5d2c8c85a	expansion-input
tests/expand/autoversion/self_type.expanded.rs	1968	b8a2ab18bb27fbf014190204a0a81ea89d9a98811a8966891362382751eb5a3a	snapshot
tests/expand/autoversion/self_type.rs	178	1b1399989f48a5c6184ada8374f1cc9823fb774e4dcaaa4d5e7c261f61696689	expansion-input
tests/expand/autoversion/tier_modifiers.expanded.rs	1570	dd26e0a2b9cbe9fef2995a13f86109d63c0e7b10ce3b8b2fa0ca98d52b72a35b	snapshot
tests/expand/autoversion/tier_modifiers.rs	161	75651d60fd00128a12b563e69629bd455e52c93b0ba21fd22794b6721ca775a4	expansion-input
tests/expand/autoversion/unsafe_fn.expanded.rs	2031	352e0573110a86d6da12e1b390141efb3eb0719cf8089b59d2894ca9d5c86cd1	snapshot
tests/expand/autoversion/unsafe_fn.rs	218	7f5ffdaa506e47af07b428683e2a991503b0aaa5fda3a777293ae94d9dfb766a	expansion-input
tests/expand/combinations/arcane_calls_rite.expanded.rs	840	505f607240d77c16786edf4ac15b92b15bfa38bce3b9d904e81908021cafbf4c	snapshot
tests/expand/combinations/arcane_calls_rite.rs	363	690f31ce3dd858da8b0c56d348501e5cab7ce3886408667c489a3f5d92e016e3	expansion-input
tests/expand/combinations/autoversion_chain.expanded.rs	3257	e147b00311192d0d1f57bad65e937c9de07a3003413e053b029ea72b0519dfe3	snapshot
tests/expand/combinations/autoversion_chain.rs	228	811ab98718305014efdeb44c16d6d8f52ed69f7a638163bed3a23fc34b72c1fb	expansion-input
tests/expand/combinations/plain_token_fn.expanded.rs	279	875471b8ce591843beea833231c94d2bc5a86d88e68fb47df616d113d2896aae	snapshot
tests/expand/combinations/plain_token_fn.rs	297	055a4623876e9902e2babf056abea2991d9fccd233d49aa75922258cefb8e9e4	expansion-input
tests/expand/combinations/token_downgrade.expanded.rs	929	aa48b5b72f553bf39930e302879e3e7ee30b60f9a9ddf792c2706874f6273706	snapshot
tests/expand/combinations/token_downgrade.rs	247	4f8b10869b2896661f481afff4d994765790859fe359898169731a5c29ed85fa	expansion-input
tests/expand/combinations/token_upgrade.expanded.rs	993	328c2a0baae9eab2f71a8986b36a27a244eac8e07ef0a582e4bb75d1bbe6bcd7	snapshot
tests/expand/combinations/token_upgrade.rs	309	cdbe3936b2252196f69b597e089de8e13d0eb232b9c0f6bc32efc9b69dae8869	expansion-input
tests/expand/deprecated/autoversion_simdtoken.expanded.rs	1963	6f14657b5cb67e1100ea8ca877a3158aa4e037a8c41143545b31f4be9aee52c1	snapshot
tests/expand/deprecated/autoversion_simdtoken.rs	220	19a170378dedba98031cd586828f2e9bd1a81e8eb03045a238f450c0073aa4fd	expansion-input
tests/expand/deprecated/dispatch_variant.expanded.rs	848	42cac21be4d5693cca39943bb65bd05ef535dd9514dab4d5aa749461a4e5f28e	snapshot
tests/expand/deprecated/dispatch_variant.rs	306	a6338ef8163e950ac49e09223d1a342ce20764e5fc85320b05a84b6a58c1fd28	expansion-input
tests/expand/deprecated/simd_fn.expanded.rs	502	1251002d31f26af2c8aa31c8ea60adcfeb9fdb2288e69ca716ab3b9264f44c08	snapshot
tests/expand/deprecated/simd_fn.rs	188	66836ff57f9bdf3df64a7c665a8830d1735d740fbc1a5aab68b95e85982b95fb	expansion-input
tests/expand/deprecated/simd_route.expanded.rs	884	fe588b548d4697fc43be7cd4b2753800a340eba8ceb805d41ffe163f1fd4230c	snapshot
tests/expand/deprecated/simd_route.rs	336	14660f94c5a85671c4f23acb0fadb03ac1c468f220999f0be8b6b82c2f91b2f4	expansion-input
tests/expand/deprecated/token_target_features.expanded.rs	257	27003a91a22c50c5d86baf9ba8411af0671cf4bf79107c4fd852bb5e637221a4	snapshot
tests/expand/deprecated/token_target_features.rs	174	b1126b72ecb3b395a176de7f58d5f10a6908d21d6b5a6e4168c4b78de5efb9c4	expansion-input
tests/expand/deprecated/token_target_features_boundary.expanded.rs	462	250a22dc0bada96802f422efc10411dcb34c95f627c4caef4db54cbeb59cb841	snapshot
tests/expand/deprecated/token_target_features_boundary.rs	192	50fc7a3901ecf9611251569a9b11ff2ddd30f0b2387f4bd46bb0e90efb1fa3c4	expansion-input
tests/expand/incant/default_tiers.expanded.rs	1302	23af1c718d6bb32131f8d1fa5b32fba7cbdd8d614c77bea24de06931fb9b4619	snapshot
tests/expand/incant/default_tiers.rs	426	e1523cb25bd49311e29f6b008a1a10fe103c00768ec7b8572484d5dad7f1cd41	expansion-input
tests/expand/incant/feature_gated.expanded.rs	1165	154a94de282a6a4449a030dedbde2d9c239705cc83e9115646aa899ab17ac3b8	snapshot
tests/expand/incant/feature_gated.rs	454	16517c0a0a1737f514e3caa51f0b3051dfaf9af3fdb7569a588eb93a03f735a9	expansion-input
tests/expand/incant/tier_modifiers.expanded.rs	1302	23af1c718d6bb32131f8d1fa5b32fba7cbdd8d614c77bea24de06931fb9b4619	snapshot
tests/expand/incant/tier_modifiers.rs	445	c208dfc02f48e6b9d7ccbb6a9447f4acd0bd1f9f1e3ad738e326f1061095cfe1	expansion-input
tests/expand/incant/token_explicit_first.expanded.rs	1302	23af1c718d6bb32131f8d1fa5b32fba7cbdd8d614c77bea24de06931fb9b4619	snapshot
tests/expand/incant/token_explicit_first.rs	447	735e49c190573858e7ba2209865e3a83adc6431adcd9ab622ce3cfaf5d353ae8	expansion-input
tests/expand/incant/token_explicit_last.expanded.rs	832	298fd0852a6e227df997bb5e9248f09e764cccb6ba4115743d0f92f70d14c782	snapshot
tests/expand/incant/token_explicit_last.rs	293	e705b442ae923bcea28ac5e061905414c27ae2a83b68613a27ff9a5daa7035e1	expansion-input
tests/expand/incant/token_prepend.expanded.rs	1302	23af1c718d6bb32131f8d1fa5b32fba7cbdd8d614c77bea24de06931fb9b4619	snapshot
tests/expand/incant/token_prepend.rs	440	0ac7d4927d54b82b114e17ab3a5c1d534d952a69eaaa82e8388b4f790d5ef6ec	expansion-input
tests/expand/rewrite/arcane_downgrade.expanded.rs	1431	33aba0b0406f45576cc28ba34a4d26abb4b06809e8ebe0bcd6ed0f309930ef4a	snapshot
tests/expand/rewrite/arcane_downgrade.rs	417	fd170a1999dd8767d847c444b2e5d702a0144e7256a088bb7d1a59e66ead2922	expansion-input
tests/expand/rewrite/arcane_exact.expanded.rs	1368	3cfd2a37769aa5b11d390224f49446f2ecf2be6d7a4622b71ec961112ac5ad58	snapshot
tests/expand/rewrite/arcane_exact.rs	410	4da800f302de515b9c5935634480f71d35e0fb897e8cb8e4daa320c9bd3130d0	expansion-input
tests/expand/rewrite/arcane_named_token.expanded.rs	925	77147d985ab999b4d3af17648b0f26c275a3223fb8085351b7782fa8d0dbd9a3	snapshot
tests/expand/rewrite/arcane_named_token.rs	463	c1e98dd8dcf114400bbbabceb3b7b54ea602615bbba504619a563508dc6764fd	expansion-input
tests/expand/rewrite/arcane_token_last.expanded.rs	909	1517b5fffe169969e1bc3ccbe88846e1061b7d3323d6ec07ba5a62209e8083c5	snapshot
tests/expand/rewrite/arcane_token_last.rs	367	53a75540e319c73b3061f1f8c7387e861849b375d72ff64d27aa3cfad2948007	expansion-input
tests/expand/rewrite/arcane_upgrade.expanded.rs	1436	ba8b77ca0245d0f930a6179de0fcc423dc72767637f108895b8afe908040744d	snapshot
tests/expand/rewrite/arcane_upgrade.rs	421	8f0eee03d88c95b3939ae0f8e536e54ee3d0c956640385d345d541624e3fc09b	expansion-input
tests/expand/rewrite/arcane_upgrade_gated.expanded.rs	1436	ba8b77ca0245d0f930a6179de0fcc423dc72767637f108895b8afe908040744d	snapshot
tests/expand/rewrite/arcane_upgrade_gated.rs	438	54f7f2be181b3a8799042146a5f0bd3caffba96186209828fd7fad33473b971c	expansion-input
tests/expand/rewrite/autoversion_exact.expanded.rs	2090	0764dd586d9929f84a2e6df22debcd65626378114bb7f96df8996a4cb02ff92b	snapshot
tests/expand/rewrite/autoversion_exact.rs	444	6011410b1b39a8499c41d9ded9444912936caaff2c079e4b6684ded12cba148c	expansion-input
tests/expand/rewrite/autoversion_upgrade.expanded.rs	2158	b386340a3cc26db1af1ff8d83ad9b1e5c936dfd505d76cacff0d7d4f5fc1810a	snapshot
tests/expand/rewrite/autoversion_upgrade.rs	447	593d827d38d9018777de97653203c39aaf0f8a00b0eebc1348bb230fae9e797c	expansion-input
tests/expand/rewrite/autoversion_upgrade_gated.expanded.rs	2158	b386340a3cc26db1af1ff8d83ad9b1e5c936dfd505d76cacff0d7d4f5fc1810a	snapshot
tests/expand/rewrite/autoversion_upgrade_gated.rs	466	6df4dc7e74b6e18b08abb7f2750740794821bf9af0efeed056049fdf29e2c6cb	expansion-input
tests/expand/rewrite/cross_branch_no_downgrade.expanded.rs	1279	e922d9c47bc86f7f86d004e2fef9ef500d4bab73e54739c488f3c5813741349f	snapshot
tests/expand/rewrite/cross_branch_no_downgrade.rs	542	a7a31e6c3b7edd5d39f7a914f5cec72c8a641bc3d4321df10260023246866d1b	expansion-input
tests/expand/rewrite/magetypes_rite_flag.expanded.rs	387	b8eb5ed4d4af8b62656c1ba292366519d3dc02ee95568faa87398a8f4da7bc7a	snapshot
tests/expand/rewrite/magetypes_rite_flag.rs	149	c6e87f959e371cd300e465ddb1ecc690c5978e2158b547a03c6e1f131bfd705b	expansion-input
tests/expand/rewrite/rite_exact.expanded.rs	723	5e4422f30b22866a4623a6cdd518878485d54321e0787460bd230cc28c07743d	snapshot
tests/expand/rewrite/rite_exact.rs	345	7b921cbb28cdace542492fc8d710983dfab7ad5c41cfeed913cadf41c52d5ece	expansion-input
tests/expand/rewrite/rite_multi.expanded.rs	757	cf879762d35280670a8a13732ec65d494c0cdc5a6e10d80c5c6aa5f9ec58414b	snapshot
tests/expand/rewrite/rite_multi.rs	439	ade29249a413b0cd3a1e373cbe6c977619292d1e99d5192e1cae6648edd7ea28	expansion-input
tests/expand/rewrite/rite_tokenless_passthrough.expanded.rs	743	a1b117ad10d1e08bce0750c9509d47acf7795a4202fe840ebfaea70b50b1817a	snapshot
tests/expand/rewrite/rite_tokenless_passthrough.rs	373	c2fbfaf98a9572c1e5416e86e04269ca88f856e316e681e8d739b37eadc1e61f	expansion-input
tests/expand/rewrite/scalar_fallback.expanded.rs	551	6d9ce352eab9acb95583d1358970dba03eecb790fcd8c5b192feeb17975ec59d	snapshot
tests/expand/rewrite/scalar_fallback.rs	383	3cd6180026f5becb348e066bf93d704668f9dd92ab278d7131754a4dae8f670d	expansion-input
tests/expand/rewrite/without_token_from_arcane.expanded.rs	664	12d297533b8c652a2603ca1430bb4ee1b7a5d7400bbf7c0bdcab215386ea08bc	snapshot
tests/expand/rewrite/without_token_from_arcane.rs	321	07f4491c5389c8fbdb3803363ee7d32e63865e16c02e8a483cfe8e67c1069c91	expansion-input
tests/expand/rewrite/without_token_rite_multi.expanded.rs	417	73b158d02816baf0fbe72f4b5979ff7d9b29d2f8321e20a92c57df83a64d2f25	snapshot
tests/expand/rewrite/without_token_rite_multi.rs	293	aac36f3f63f612930d1562d4f0d6334d5f99a7fba5e01f95b7002b1481c8cd81	expansion-input
tests/expand/rite/import_intrinsics.expanded.rs	503	df58b766daf83e0f6aa0836a1b69a06c1bcea4509bd9bdc8cc7d3e6e17010d20	snapshot
tests/expand/rite/import_intrinsics.rs	332	cf7c6c6c75a7a19bbb4f04d3c0bbaf76c446a1318a038fb2a9d771a1d46bb619	expansion-input
tests/expand/rite/modifier_minus_scalar.expanded.rs	212	6adeabaa5f81522c91492f4ea2f9e4fcebc507110c0006d35f5b4fc688a00e19	snapshot
tests/expand/rite/modifier_minus_scalar.rs	125	22020f1821cb7f7b59f7f0fb6c7917d90b4aea068cac840687cac25164c05fd1	expansion-input
tests/expand/rite/modifier_mixed.expanded.rs	495	aed7337610c2d8800e04bbf2a774d853b0af7c49f9d498e687258490253140fe	snapshot
tests/expand/rite/modifier_mixed.rs	150	01f9b95a2b0492e98cb22ffe3438cc44b4741721b2a9d3f3d9221bf3c8ef324b	expansion-input
tests/expand/rite/modifier_plus_multi.expanded.rs	235	e02390bafb117b28e02f59ff237f19a35bba7868a0384b809ea03f76be932367	snapshot
tests/expand/rite/modifier_plus_multi.rs	144	caf6a9460201f3a2bd6c6d39e4d36b0f93223462c656bbd051da4137d83b5bd4	expansion-input
tests/expand/rite/multi_v3_neon.expanded.rs	235	e02390bafb117b28e02f59ff237f19a35bba7868a0384b809ea03f76be932367	snapshot
tests/expand/rite/multi_v3_neon.rs	142	d5102dbeccd87577e9f5f60fae4f2039ab0dcbbc934a9caa2bbd26b2966261fa	expansion-input
tests/expand/rite/multi_v3_v4_neon.expanded.rs	495	aed7337610c2d8800e04bbf2a774d853b0af7c49f9d498e687258490253140fe	snapshot
tests/expand/rite/multi_v3_v4_neon.rs	146	11e2dbf6d69074b2b76b4f6eafe78a2caefdb4fbe67cbcbdbc3f37228afdab56	expansion-input
tests/expand/rite/multi_with_cfg.expanded.rs	33	346f10db6c860c58272d00939af2d10d847008a6cf065ac25399c1a77e5977b4	snapshot
tests/expand/rite/multi_with_cfg.rs	157	899773d8f42f3c87f8ff2657e4367a59dccfefb15323b3f1f0e7aca8edadea2b	expansion-input
tests/expand/rite/multi_with_scalar_and_default.expanded.rs	458	fa2100b67b2b77a2f69f7c590b18eb10171255f66f9b821c90bd0e391b824504	snapshot
tests/expand/rite/multi_with_scalar_and_default.rs	200	4d30f1d6ec2ab128fbb78a0aa15e1dc057da113c9fe1f98271a4092ee9272923	expansion-input
tests/expand/rite/single_default.expanded.rs	104	2df25ae83f8347886ff591cd941b188ff3da93644f8d8c826130293308a4345f	snapshot
tests/expand/rite/single_default.rs	141	8bc0e58bd97cd95f04a57f952e9527e1f0828646f870a4ee36652a53db766cd8	expansion-input
tests/expand/rite/single_scalar.expanded.rs	136	26d2bbd95295935932dede30d5b4065b1fd66ff2854b1003d7ab465a1c6ebd92	snapshot
tests/expand/rite/single_scalar.rs	172	b7ec6f1f0fd590081c3601faa063705006f575623f6d9565455e5ee7194def07	expansion-input
tests/expand/rite/single_tier.expanded.rs	212	6adeabaa5f81522c91492f4ea2f9e4fcebc507110c0006d35f5b4fc688a00e19	snapshot
tests/expand/rite/single_tier.rs	116	61ab5408634221a69cc915e321dec38fc8f7e0560493fd9a71584cd478ce9911	expansion-input
tests/expand/rite/single_token.expanded.rs	245	9287a8e3211a13c262106bf8c7b6a9a9428d24c593c69226666eeab7de98428b	snapshot
tests/expand/rite/single_token.rs	145	b7556b34a665e1f05505a88a2b1309224ec56b843fb00d449de772a6ff294f19	expansion-input
tests/expand/rite/trait_bound.expanded.rs	414	2a910c1541746174bcc37a61541adeafe8f1102b6c8d4b1069e18a2e5b73e9e1	snapshot
tests/expand/rite/trait_bound.rs	155	37acbd8cd5fe35087a5cf15d4e67cdfab3f6ee7ed8e31e2f0b85aab82c751fa5	expansion-input
tests/expand/rite/unsafe_fn.expanded.rs	269	d3c2494303cfe2481a3fc74e554e694637521e1aaf318f537a006410b3a8d8a1	snapshot
tests/expand/rite/unsafe_fn.rs	169	50de2e024bc482b267937ed8fb0cc29ef47e9ece139d36f59a96f3fc1cc082ee	expansion-input
