relative_to_output_root,bytes,sha256
measurements.json,68814,28ba8659e5e4723873d2973ae26f00be898ad4dd28993a350a78fbdb24c7c855
runs/release-baseline-256-0.log,2381,1ccd44d14dbfdde11cb81145c96f6ee14ebade5a62cf2d2d0480cf15b2a29b90
runs/release-baseline-256-1.log,2367,f9411d430aa1d9304f7942cf2d350250112e0a2ec1386b8b50dbba9285a8ab5e
runs/release-baseline-256-2.log,2366,916f511b3e2a123c7d01148c8f1b7cadd6a81bc34a9b73a3b21cf076a7777b0d
runs/release-baseline-256-3.log,2366,1fe98a3e6d00c0f9245227f12d3de114875d61ecbf5a9f36d8a9d99d959f3ac1
runs/release-baseline-256-4.log,2358,cf53c676134296d98bb932cac30b561eda23418765339f6919bf8a6ef88033a9
runs/release-baseline-512-0.log,2423,81a7c2f6fe2af5ac7b5c7dac88f1e0262e47abf76e495f3b1526cb8c2fbd019e
runs/release-baseline-512-1.log,2411,3191180d638e556965248cc2512075e0f39684c5d368883fef5c0e46f42cded9
runs/release-baseline-512-2.log,2422,f19542cc6b9cd19556a2b366167a343438800dd6cf2c9d2380c3828f66abf4f6
runs/release-baseline-512-3.log,2416,30f8130cf4fa46a1441210cb4dbb5c11a1c8ddf71c9f3bdddafbadd7e3f5f984
runs/release-baseline-512-4.log,2420,66df4c3ccdd203a94cc141b68177e7b25c6394beb933417e09f6661001659769
runs/release-body_default-256-0.log,2382,a6ecbc601a574909e0f33dd7dd4b0fc2b3a202fc14e220f5e230ca5d77e23a7d
runs/release-body_default-256-1.log,2375,a85c1281c0bd43b3556330936a69e03f4e3a5788557e6039feb0aa768ab212a3
runs/release-body_default-256-2.log,2365,00c0d0f0a4a1436c4d95212e58808f7addcf6dfd9f22d4a508b68448985e58fe
runs/release-body_default-256-3.log,2376,ad905478f71642cdd311e2f565314a23f52f36c4ff821b316fcd320108ddea70
runs/release-body_default-256-4.log,2358,14622ae0ca2ef6a658a2b7af8fb3bc9899232dffdd8b27ff96ae2c40eadad94c
runs/release-body_default-512-0.log,2414,288cb176a44bb93c750895caa914b32f30e2e2dd19781c20c46ff5eb82f21292
runs/release-body_default-512-1.log,2404,a2346723bd6c71b68e2a166d93e6881d2d2a9f22dc1e882582d52ebb6e2802f1
runs/release-body_default-512-2.log,2420,5badac88cbcd6a899a9ebcd03faf6233f983f8cbdbe65f41f94091a48b27eaec
runs/release-body_default-512-3.log,2412,ec3795a639952860f7da49141c6c8a7a1194b1d0cb3996fb4d26bc176123cadd
runs/release-body_default-512-4.log,2409,c980c7cfa4ed10be38b537623cbc8ea3894e9ce1f357f4848d47404a1a863230
runs/release-body_operation-256-0.log,2373,8ad643e9bf0c1f1c34b1fd21765ba43b8b1f2ccb71a3c83bfa7615dbdc01a8ea
runs/release-body_operation-256-1.log,2357,c1429d73f05877da1d3afece1fc8d2084656477154350b13ecc8291f5730c799
runs/release-body_operation-256-2.log,2353,8620e194e9a3c0f0c83b58cabe1a1ba171a662cc6982e8f6d38bc912adf00b92
runs/release-body_operation-256-3.log,2359,1b07578d0dfa044e93a549d6d9dea6db2aa642aecb5f0e300c3d24b5cb67d709
runs/release-body_operation-256-4.log,2359,fcaca6dce5ba9089973320272ffbf48b439461a52a91aed2c5d5047cb1ded56b
runs/release-body_operation-512-0.log,2411,37cf3587a59ea408c1c876fff98ba21156b839f611242d3cc041733f68c243fb
runs/release-body_operation-512-1.log,2409,7428849ab418eedea9d56bda2dd57cdea4526b0117d917c3a5ca51e944ec7b80
runs/release-body_operation-512-2.log,2411,287ca46caf369abcd7221238f440e1c813e24ff5765bdaf22cc632890d0f10e6
runs/release-body_operation-512-3.log,2416,91dc8cbe2ec631451b04e5eb4232b4997573513ef706eaded3709395313855c2
runs/release-body_operation-512-4.log,2420,66278542cd1a7919fe35a8367049ccf3ce8ccad2113a50c013fa1178b10cdac5
runs/ship-baseline-256-0.log,2360,ef5f9b8cbafb701f6ac57c770c13e86879df3d4de7410f40636f04b8e4b87d7d
runs/ship-baseline-256-1.log,2368,3a82cdc13dae353abd764188213f6244a78dd2c70c2768955e18466ef425e4e0
runs/ship-baseline-256-2.log,2376,fa53b7accc7b393b67714914fe9120db25fbc999065afa2283c26e39c5395b8d
runs/ship-baseline-256-3.log,2358,9282708869edbdc73c17754bd3f15b36efb226ac42c086d9a626747035d98f92
runs/ship-baseline-256-4.log,2364,e9e0e83bb119d0809877dc60efd489d8e9b8aa009a027ef7df5605819633dda2
runs/ship-baseline-512-0.log,2393,b3f2d8f3f12b3b11710f48c3aaf807b110121cc6cbaf847a139346a78bb174e3
runs/ship-baseline-512-1.log,2400,02d09e9441efbe5ad05b24a9061705448360b288d62045a62e37d03483b9acf2
runs/ship-baseline-512-2.log,2384,0ce936cd18be82051fd275611d07e9bb26c842460036a9d47b30b7dcdf2de165
runs/ship-baseline-512-3.log,2394,7edf2cffc31434648453283ca93372656558d98164e182700fa512aecd74933c
runs/ship-baseline-512-4.log,2397,b5ba95c4faa2eb3a9855ed055c13ecefa933d300b11575f42d1bbb93f83f36a7
runs/ship-body_default-256-0.log,2386,237d9bc7e291a93d7dd0b19929cb2b57b73b240723604ab04734b4dee242e9b5
runs/ship-body_default-256-1.log,2358,2bc9f2e8589c1f806abcd554462c8c9e9c3dbc397a82d024cbab9359d68c89f9
runs/ship-body_default-256-2.log,2362,a8fdd10f6ec8166b29fbcc526073af6638fe46a98b9f3d9d799ee536e0d75148
runs/ship-body_default-256-3.log,2375,8601c06d93757c0224594b96403ac1c8f745a201146d8a5f0a7250cfc1b7f049
runs/ship-body_default-256-4.log,2359,f462f661006540bc4c7d376fb2ff62764dd7f7b4f3d92d598728b0eda96f7044
runs/ship-body_default-512-0.log,2376,2da189a02a3db4baa4192ab7d36f71290d8c826da8a995aaca34c87e099832aa
runs/ship-body_default-512-1.log,2399,57a5cd4783da54e4684e36012a6f4b5cf0c8ead322e592ab6e8cbcef06798dfc
runs/ship-body_default-512-2.log,2385,343643ab237e9696181032812cb658891b74af3ceee7abdda8b775257fd2a549
runs/ship-body_default-512-3.log,2395,790d265470cda187d55f95e6db51d94d1447da13ab0645241ca86a22fc49e592
runs/ship-body_default-512-4.log,2385,1f6e4de1b922b42336c307823ad3fbc900549422ff1f2a10cdc0a0862fa7bd3c
runs/ship-body_operation-256-0.log,2359,dcc97ed27e57da25c96437a2c9f1f3b3aa3f649129837e406a12f05ee86468db
runs/ship-body_operation-256-1.log,2366,5c6d1a08dfb79ce1e032698b59371d5afe6eaa1dee3e2ae1568da4b98ebf6cbe
runs/ship-body_operation-256-2.log,2355,25a3303bc5f9d17b2740e962a4f9f54123a300c88063f791423388b0d5014eb0
runs/ship-body_operation-256-3.log,2353,a938aa33c5dc3a6d4d5c92c6afc77b058974c08d8381cba3268f73863882dfdf
runs/ship-body_operation-256-4.log,2350,e23e16b444b475f18c55ed801fee3b0c3ac66630ecc6678bc6b2c3c2182c78ce
runs/ship-body_operation-512-0.log,2392,76e038998fe1b29e28d709179cf84314d458089346b8effdd5823386db85ae3f
runs/ship-body_operation-512-1.log,2390,3c073a9d2f174f7155a8f6e52a7a240a9072da282db7b035ec050936157c1dc2
runs/ship-body_operation-512-2.log,2392,08a2172e9509259a7ab2a63dd19702895884fc7690f7ad26e1ecc30c1cbb9982
runs/ship-body_operation-512-3.log,2409,a0e9aeb101206d902f6cd5f7b3d27e5e97db4c229f26a3033583708f32102a4e
runs/ship-body_operation-512-4.log,2390,96498f41aea46a96d2aa9eccca3abab5e2b420ea0357d12683c1fea7544d33f8
builds/release-baseline.log,50092,12be2cd438b32d191280c40c43f8096f352a497e9cac496f5f40a3c46e80101c
builds/release-body_default.log,50592,15f5c9d5c237209c7ae34a0ebe58828a47321842a064e18770fb18862867b413
builds/release-body_operation.log,50842,e15be934e89c1c34aba165cac8192d18b580152ba35b3fbff5b8c3933427d172
builds/ship-baseline.log,50089,0d394668dcee26520324bf69df461f1726279a63534fcce8cac413efb9afcf4c
builds/ship-body_default.log,50589,9fb8e1b4246c9b3863c416f6f89f6f03661019ac17391df343654a68fff464cf
builds/ship-body_operation.log,50839,fce218ff5e154470c7f0550405abe9ecb226c26995216e7beaa38293919aa52c
builds/release-baseline.time,778,4d995622e0615b02d399de14ca25b1669027c3c261b199a74c06b642653d3967
builds/release-body_default.time,778,5a9603004ff5106a738b01c9a0b9dfc83f3650ced927fc70130e635718914b6c
builds/release-body_operation.time,778,a938cbf0254a3e615f4031eb99a6c1961e25e2cd03fd2c3ee3b44d0e47a15555
builds/ship-baseline.time,773,c702419d235079de2d7626a80395c22234318bac2961580d4e680f4fadf2a09d
builds/ship-body_default.time,773,4573cf932309a087ffe5de207171d7773a432a9425fa41a81e42d4b3c6870382
builds/ship-body_operation.time,773,d954fc70f7adc9c0029e8b5e426aeb6e1820dec1004122006253fbbe07c1859e
