profile,policy,size,qp,preset,pass,workload,n,mean_ns,median_ns,mad_ns,reliable
release,baseline,256,32,8,0,encode,20,5734259.850000001,5728364.0,22526.624399999997,True
release,baseline,256,32,8,0,decode,20,1607283.3499999999,1586817.0,10004.584799999999,True
release,baseline,512,20,6,0,encode,20,125533065.19999999,125514980.5,146299.2615,True
release,baseline,512,20,6,0,decode,20,6198429.25,6188581.5,27833.591099999998,True
release,body_operation,256,32,8,0,encode,20,7010045.649999999,7004361.0,11578.3647,True
release,body_operation,256,32,8,0,decode,20,1607686.6999999997,1594326.0,16433.879699999998,True
release,body_operation,512,20,6,0,encode,20,149076056.7,149016856.0,124214.4519,True
release,body_operation,512,20,6,0,decode,20,6156021.599999999,6151485.0,14464.9869,True
release,body_default,256,32,8,0,encode,20,6970481.1000000015,6964213.0,23286.456899999997,True
release,body_default,256,32,8,0,decode,20,1610869.4999999998,1603588.0,19711.166999999998,True
release,body_default,512,20,6,0,encode,20,149657261.25,149660880.0,75021.7839,True
release,body_default,512,20,6,0,decode,20,6174667.15,6170642.5,19163.346299999997,True
release,body_default,256,32,8,1,encode,20,6995508.049999999,6976074.5,16091.399099999999,True
release,body_default,256,32,8,1,decode,20,1607175.0499999998,1588391.0,25382.8533,True
release,body_default,512,20,6,1,encode,20,149591429.5,149580460.5,115598.322,True
release,body_default,512,20,6,1,decode,20,6191185.0,6167914.5,34957.4841,True
release,body_operation,256,32,8,1,encode,20,6997782.25,6990020.0,19477.657499999998,True
release,body_operation,256,32,8,1,decode,20,1582686.05,1583054.0,8755.4943,True
release,body_operation,512,20,6,1,encode,20,149541059.15,149435046.5,283377.4923,True
release,body_operation,512,20,6,1,decode,20,6192695.45,6179809.5,30621.6204,True
release,baseline,256,32,8,1,encode,20,5744596.999999999,5736152.0,20150.7579,True
release,baseline,256,32,8,1,decode,20,1585192.65,1584888.5,15295.984199999999,True
release,baseline,512,20,6,1,encode,20,125498967.65,125465545.0,63599.0922,True
release,baseline,512,20,6,1,decode,20,6170372.799999999,6152015.5,25426.59,True
release,body_default,256,32,8,2,encode,20,6976685.4,6974437.0,27886.2234,True
release,body_default,256,32,8,2,decode,20,1604471.7499999998,1601651.0,17216.692499999997,True
release,body_default,512,20,6,2,encode,20,149467212.10000002,149439929.0,135377.6886,True
release,body_default,512,20,6,2,decode,20,6207095.150000001,6187289.5,38268.1299,True
release,baseline,256,32,8,2,encode,20,5691998.450000001,5673519.0,17774.1501,True
release,baseline,256,32,8,2,decode,20,1592544.85,1581714.0,15823.048499999999,True
release,baseline,512,20,6,2,encode,20,125076097.25,124979132.5,174181.0371,True
release,baseline,512,20,6,2,decode,20,6173749.249999999,6170143.0,38108.009099999996,True
release,body_operation,256,32,8,2,encode,20,6974030.6,6968590.5,39517.2204,True
release,body_operation,256,32,8,2,decode,20,1586888.35,1582977.5,20075.1453,True
release,body_operation,512,20,6,2,encode,20,149686300.6,149635110.0,173478.2847,True
release,body_operation,512,20,6,2,decode,20,6238031.300000001,6229152.0,40271.1225,True
release,body_operation,256,32,8,3,encode,20,6967160.800000001,6967994.5,18867.5676,True
release,body_operation,256,32,8,3,decode,20,1608028.35,1598864.0,16914.2421,True
release,body_operation,512,20,6,3,encode,20,149061409.4,149057488.5,87274.7316,True
release,body_operation,512,20,6,3,decode,20,6162660.1000000015,6160360.5,43604.0073,True
release,body_default,256,32,8,3,encode,20,6975506.45,6957964.5,21982.510199999997,True
release,body_default,256,32,8,3,decode,20,1598349.2000000004,1594222.0,14204.049299999999,True
release,body_default,512,20,6,3,encode,20,149019708.10000002,148987046.5,119062.4169,True
release,body_default,512,20,6,3,decode,20,6170832.0,6164559.5,19045.4796,True
release,baseline,256,32,8,3,encode,20,5698673.6,5696118.0,23915.079299999998,True
release,baseline,256,32,8,3,decode,20,1589889.95,1582391.5,6016.390799999999,True
release,baseline,512,20,6,3,encode,20,125344973.75,125346302.5,125462.05979999999,True
release,baseline,512,20,6,3,decode,20,6224716.5,6211668.5,23537.0163,True
release,body_default,256,32,8,4,encode,20,6981183.2,6973653.5,26254.622099999997,True
release,body_default,256,32,8,4,decode,20,1603334.0,1597944.5,19756.3863,True
release,body_default,512,20,6,4,encode,20,149731790.3,149699462.5,164558.2218,True
release,body_default,512,20,6,4,decode,20,6167776.75,6173299.5,35499.3744,True
release,body_operation,256,32,8,4,encode,20,6984925.55,6974594.5,26798.736299999997,True
release,body_operation,256,32,8,4,decode,20,1610236.5,1597612.0,13091.358,True
release,body_operation,512,20,6,4,encode,20,149165589.05,149142711.0,108676.06259999999,True
release,body_operation,512,20,6,4,decode,20,6305993.85,6298830.0,61082.378699999994,True
release,baseline,256,32,8,4,encode,20,5718693.6,5701034.5,30400.713,True
release,baseline,256,32,8,4,decode,20,1585658.4,1586067.0,13502.038199999999,True
release,baseline,512,20,6,4,encode,20,125512201.49999999,125438748.5,180485.7936,True
release,baseline,512,20,6,4,decode,20,6196648.750000001,6187660.0,36779.5995,True
