stages,body_hint,caller,context,wrapper,identical
1,none,small,matching,hint,True
1,none,small,matching,always,True
1,none,small,superset,hint,True
1,none,small,superset,always,True
1,none,large,matching,hint,True
1,none,large,matching,always,True
1,none,large,superset,hint,True
1,none,large,superset,always,True
1,hint,small,matching,hint,True
1,hint,small,matching,always,True
1,hint,small,superset,hint,True
1,hint,small,superset,always,True
1,hint,large,matching,hint,True
1,hint,large,matching,always,True
1,hint,large,superset,hint,True
1,hint,large,superset,always,True
1,never,small,matching,hint,True
1,never,small,matching,always,True
1,never,small,superset,hint,True
1,never,small,superset,always,True
1,never,large,matching,hint,True
1,never,large,matching,always,True
1,never,large,superset,hint,True
1,never,large,superset,always,True
16,none,small,matching,hint,True
16,none,small,matching,always,True
16,none,small,superset,hint,True
16,none,small,superset,always,True
16,none,large,matching,hint,True
16,none,large,matching,always,True
16,none,large,superset,hint,True
16,none,large,superset,always,True
16,hint,small,matching,hint,True
16,hint,small,matching,always,True
16,hint,small,superset,hint,True
16,hint,small,superset,always,True
16,hint,large,matching,hint,True
16,hint,large,matching,always,True
16,hint,large,superset,hint,True
16,hint,large,superset,always,True
16,never,small,matching,hint,True
16,never,small,matching,always,True
16,never,small,superset,hint,True
16,never,small,superset,always,True
16,never,large,matching,hint,True
16,never,large,matching,always,True
16,never,large,superset,hint,True
16,never,large,superset,always,True
128,none,small,matching,hint,True
128,none,small,matching,always,True
128,none,small,superset,hint,True
128,none,small,superset,always,True
128,none,large,matching,hint,True
128,none,large,matching,always,True
128,none,large,superset,hint,True
128,none,large,superset,always,True
128,hint,small,matching,hint,True
128,hint,small,matching,always,True
128,hint,small,superset,hint,True
128,hint,small,superset,always,True
128,hint,large,matching,hint,True
128,hint,large,matching,always,True
128,hint,large,superset,hint,True
128,hint,large,superset,always,True
128,never,small,matching,hint,True
128,never,small,matching,always,True
128,never,small,superset,hint,True
128,never,small,superset,always,True
128,never,large,matching,hint,True
128,never,large,matching,always,True
128,never,large,superset,hint,True
128,never,large,superset,always,True
