name,tier,body_hint,stages,caller,context,route,instructions,provider_transfers,targets
case_000_v3_none_s1_small_baseline_none,v3,none,1,small,baseline,none,15,1,entry_v3_none_s1_none
case_001_v3_none_s1_small_baseline_hint,v3,none,1,small,baseline,hint,15,1,__arcane_entry_v3_none_s1_hint
case_002_v3_none_s1_small_baseline_always,v3,none,1,small,baseline,always,15,1,__arcane_entry_v3_none_s1_hint
case_003_v3_none_s1_small_baseline_never,v3,none,1,small,baseline,never,15,1,entry_v3_none_s1_never
case_004_v3_none_s1_small_matching_direct,v3,none,1,small,matching,direct,14,1,core_v3_none_s1
case_005_v3_none_s1_small_matching_none,v3,none,1,small,matching,none,14,1,entry_v3_none_s1_none
case_006_v3_none_s1_small_matching_hint,v3,none,1,small,matching,hint,14,1,core_v3_none_s1
case_007_v3_none_s1_small_matching_always,v3,none,1,small,matching,always,14,1,core_v3_none_s1
case_008_v3_none_s1_small_matching_never,v3,none,1,small,matching,never,14,1,entry_v3_none_s1_never
case_009_v2_none_s1_small_superset_direct,v2,none,1,small,superset,direct,14,1,core_v2_none_s1
case_010_v2_none_s1_small_superset_none,v2,none,1,small,superset,none,14,1,entry_v2_none_s1_none
case_011_v2_none_s1_small_superset_hint,v2,none,1,small,superset,hint,14,1,core_v2_none_s1
case_012_v2_none_s1_small_superset_always,v2,none,1,small,superset,always,14,1,core_v2_none_s1
case_013_v2_none_s1_small_superset_never,v2,none,1,small,superset,never,14,1,entry_v2_none_s1_never
case_014_v3_none_s1_large_baseline_none,v3,none,1,large,baseline,none,396,1,entry_v3_none_s1_none
case_015_v3_none_s1_large_baseline_hint,v3,none,1,large,baseline,hint,396,1,__arcane_entry_v3_none_s1_hint
case_016_v3_none_s1_large_baseline_always,v3,none,1,large,baseline,always,396,1,__arcane_entry_v3_none_s1_hint
case_017_v3_none_s1_large_baseline_never,v3,none,1,large,baseline,never,396,1,entry_v3_none_s1_never
case_018_v3_none_s1_large_matching_direct,v3,none,1,large,matching,direct,395,1,core_v3_none_s1
case_019_v3_none_s1_large_matching_none,v3,none,1,large,matching,none,395,1,entry_v3_none_s1_none
case_020_v3_none_s1_large_matching_hint,v3,none,1,large,matching,hint,395,1,core_v3_none_s1
case_021_v3_none_s1_large_matching_always,v3,none,1,large,matching,always,395,1,core_v3_none_s1
case_022_v3_none_s1_large_matching_never,v3,none,1,large,matching,never,395,1,entry_v3_none_s1_never
case_023_v2_none_s1_large_superset_direct,v2,none,1,large,superset,direct,395,1,core_v2_none_s1
case_024_v2_none_s1_large_superset_none,v2,none,1,large,superset,none,395,1,entry_v2_none_s1_none
case_025_v2_none_s1_large_superset_hint,v2,none,1,large,superset,hint,395,1,core_v2_none_s1
case_026_v2_none_s1_large_superset_always,v2,none,1,large,superset,always,395,1,core_v2_none_s1
case_027_v2_none_s1_large_superset_never,v2,none,1,large,superset,never,395,1,entry_v2_none_s1_never
case_028_v3_hint_s1_small_baseline_none,v3,hint,1,small,baseline,none,15,1,entry_v3_hint_s1_none
case_029_v3_hint_s1_small_baseline_hint,v3,hint,1,small,baseline,hint,15,1,__arcane_entry_v3_hint_s1_hint
case_030_v3_hint_s1_small_baseline_always,v3,hint,1,small,baseline,always,15,1,__arcane_entry_v3_hint_s1_hint
case_031_v3_hint_s1_small_baseline_never,v3,hint,1,small,baseline,never,15,1,entry_v3_hint_s1_never
case_032_v3_hint_s1_small_matching_direct,v3,hint,1,small,matching,direct,10,0,
case_033_v3_hint_s1_small_matching_none,v3,hint,1,small,matching,none,14,1,entry_v3_hint_s1_none
case_034_v3_hint_s1_small_matching_hint,v3,hint,1,small,matching,hint,10,0,
case_035_v3_hint_s1_small_matching_always,v3,hint,1,small,matching,always,10,0,
case_036_v3_hint_s1_small_matching_never,v3,hint,1,small,matching,never,14,1,entry_v3_hint_s1_never
case_037_v2_hint_s1_small_superset_direct,v2,hint,1,small,superset,direct,10,0,
case_038_v2_hint_s1_small_superset_none,v2,hint,1,small,superset,none,14,1,entry_v2_hint_s1_none
case_039_v2_hint_s1_small_superset_hint,v2,hint,1,small,superset,hint,10,0,
case_040_v2_hint_s1_small_superset_always,v2,hint,1,small,superset,always,10,0,
case_041_v2_hint_s1_small_superset_never,v2,hint,1,small,superset,never,14,1,entry_v2_hint_s1_never
case_042_v3_hint_s1_large_baseline_none,v3,hint,1,large,baseline,none,396,1,entry_v3_hint_s1_none
case_043_v3_hint_s1_large_baseline_hint,v3,hint,1,large,baseline,hint,396,1,__arcane_entry_v3_hint_s1_hint
case_044_v3_hint_s1_large_baseline_always,v3,hint,1,large,baseline,always,396,1,__arcane_entry_v3_hint_s1_hint
case_045_v3_hint_s1_large_baseline_never,v3,hint,1,large,baseline,never,396,1,entry_v3_hint_s1_never
case_046_v3_hint_s1_large_matching_direct,v3,hint,1,large,matching,direct,391,0,
case_047_v3_hint_s1_large_matching_none,v3,hint,1,large,matching,none,395,1,entry_v3_hint_s1_none
case_048_v3_hint_s1_large_matching_hint,v3,hint,1,large,matching,hint,391,0,
case_049_v3_hint_s1_large_matching_always,v3,hint,1,large,matching,always,391,0,
case_050_v3_hint_s1_large_matching_never,v3,hint,1,large,matching,never,395,1,entry_v3_hint_s1_never
case_051_v2_hint_s1_large_superset_direct,v2,hint,1,large,superset,direct,391,0,
case_052_v2_hint_s1_large_superset_none,v2,hint,1,large,superset,none,395,1,entry_v2_hint_s1_none
case_053_v2_hint_s1_large_superset_hint,v2,hint,1,large,superset,hint,391,0,
case_054_v2_hint_s1_large_superset_always,v2,hint,1,large,superset,always,391,0,
case_055_v2_hint_s1_large_superset_never,v2,hint,1,large,superset,never,395,1,entry_v2_hint_s1_never
case_056_v3_never_s1_small_baseline_none,v3,never,1,small,baseline,none,15,1,entry_v3_never_s1_none
case_057_v3_never_s1_small_baseline_hint,v3,never,1,small,baseline,hint,15,1,__arcane_entry_v3_never_s1_hint
case_058_v3_never_s1_small_baseline_always,v3,never,1,small,baseline,always,15,1,__arcane_entry_v3_never_s1_hint
case_059_v3_never_s1_small_baseline_never,v3,never,1,small,baseline,never,15,1,entry_v3_never_s1_never
case_060_v3_never_s1_small_matching_direct,v3,never,1,small,matching,direct,14,1,core_v3_never_s1
case_061_v3_never_s1_small_matching_none,v3,never,1,small,matching,none,14,1,entry_v3_never_s1_none
case_062_v3_never_s1_small_matching_hint,v3,never,1,small,matching,hint,14,1,core_v3_never_s1
case_063_v3_never_s1_small_matching_always,v3,never,1,small,matching,always,14,1,core_v3_never_s1
case_064_v3_never_s1_small_matching_never,v3,never,1,small,matching,never,14,1,entry_v3_never_s1_never
case_065_v2_never_s1_small_superset_direct,v2,never,1,small,superset,direct,14,1,core_v2_never_s1
case_066_v2_never_s1_small_superset_none,v2,never,1,small,superset,none,14,1,entry_v2_never_s1_none
case_067_v2_never_s1_small_superset_hint,v2,never,1,small,superset,hint,14,1,core_v2_never_s1
case_068_v2_never_s1_small_superset_always,v2,never,1,small,superset,always,14,1,core_v2_never_s1
case_069_v2_never_s1_small_superset_never,v2,never,1,small,superset,never,14,1,entry_v2_never_s1_never
case_070_v3_never_s1_large_baseline_none,v3,never,1,large,baseline,none,396,1,entry_v3_never_s1_none
case_071_v3_never_s1_large_baseline_hint,v3,never,1,large,baseline,hint,396,1,__arcane_entry_v3_never_s1_hint
case_072_v3_never_s1_large_baseline_always,v3,never,1,large,baseline,always,396,1,__arcane_entry_v3_never_s1_hint
case_073_v3_never_s1_large_baseline_never,v3,never,1,large,baseline,never,396,1,entry_v3_never_s1_never
case_074_v3_never_s1_large_matching_direct,v3,never,1,large,matching,direct,395,1,core_v3_never_s1
case_075_v3_never_s1_large_matching_none,v3,never,1,large,matching,none,395,1,entry_v3_never_s1_none
case_076_v3_never_s1_large_matching_hint,v3,never,1,large,matching,hint,395,1,core_v3_never_s1
case_077_v3_never_s1_large_matching_always,v3,never,1,large,matching,always,395,1,core_v3_never_s1
case_078_v3_never_s1_large_matching_never,v3,never,1,large,matching,never,395,1,entry_v3_never_s1_never
case_079_v2_never_s1_large_superset_direct,v2,never,1,large,superset,direct,395,1,core_v2_never_s1
case_080_v2_never_s1_large_superset_none,v2,never,1,large,superset,none,395,1,entry_v2_never_s1_none
case_081_v2_never_s1_large_superset_hint,v2,never,1,large,superset,hint,395,1,core_v2_never_s1
case_082_v2_never_s1_large_superset_always,v2,never,1,large,superset,always,395,1,core_v2_never_s1
case_083_v2_never_s1_large_superset_never,v2,never,1,large,superset,never,395,1,entry_v2_never_s1_never
case_084_v3_none_s16_small_baseline_none,v3,none,16,small,baseline,none,15,1,entry_v3_none_s16_none
case_085_v3_none_s16_small_baseline_hint,v3,none,16,small,baseline,hint,15,1,__arcane_entry_v3_none_s16_hint
case_086_v3_none_s16_small_baseline_always,v3,none,16,small,baseline,always,15,1,__arcane_entry_v3_none_s16_hint
case_087_v3_none_s16_small_baseline_never,v3,none,16,small,baseline,never,15,1,entry_v3_none_s16_never
case_088_v3_none_s16_small_matching_direct,v3,none,16,small,matching,direct,14,1,core_v3_none_s16
case_089_v3_none_s16_small_matching_none,v3,none,16,small,matching,none,14,1,entry_v3_none_s16_none
case_090_v3_none_s16_small_matching_hint,v3,none,16,small,matching,hint,14,1,core_v3_none_s16
case_091_v3_none_s16_small_matching_always,v3,none,16,small,matching,always,14,1,core_v3_none_s16
case_092_v3_none_s16_small_matching_never,v3,none,16,small,matching,never,14,1,entry_v3_none_s16_never
case_093_v2_none_s16_small_superset_direct,v2,none,16,small,superset,direct,14,1,core_v2_none_s16
case_094_v2_none_s16_small_superset_none,v2,none,16,small,superset,none,14,1,entry_v2_none_s16_none
case_095_v2_none_s16_small_superset_hint,v2,none,16,small,superset,hint,14,1,core_v2_none_s16
case_096_v2_none_s16_small_superset_always,v2,none,16,small,superset,always,14,1,core_v2_none_s16
case_097_v2_none_s16_small_superset_never,v2,none,16,small,superset,never,14,1,entry_v2_none_s16_never
case_098_v3_none_s16_large_baseline_none,v3,none,16,large,baseline,none,396,1,entry_v3_none_s16_none
case_099_v3_none_s16_large_baseline_hint,v3,none,16,large,baseline,hint,396,1,__arcane_entry_v3_none_s16_hint
case_100_v3_none_s16_large_baseline_always,v3,none,16,large,baseline,always,396,1,__arcane_entry_v3_none_s16_hint
case_101_v3_none_s16_large_baseline_never,v3,none,16,large,baseline,never,396,1,entry_v3_none_s16_never
case_102_v3_none_s16_large_matching_direct,v3,none,16,large,matching,direct,395,1,core_v3_none_s16
case_103_v3_none_s16_large_matching_none,v3,none,16,large,matching,none,395,1,entry_v3_none_s16_none
case_104_v3_none_s16_large_matching_hint,v3,none,16,large,matching,hint,395,1,core_v3_none_s16
case_105_v3_none_s16_large_matching_always,v3,none,16,large,matching,always,395,1,core_v3_none_s16
case_106_v3_none_s16_large_matching_never,v3,none,16,large,matching,never,395,1,entry_v3_none_s16_never
case_107_v2_none_s16_large_superset_direct,v2,none,16,large,superset,direct,395,1,core_v2_none_s16
case_108_v2_none_s16_large_superset_none,v2,none,16,large,superset,none,395,1,entry_v2_none_s16_none
case_109_v2_none_s16_large_superset_hint,v2,none,16,large,superset,hint,395,1,core_v2_none_s16
case_110_v2_none_s16_large_superset_always,v2,none,16,large,superset,always,395,1,core_v2_none_s16
case_111_v2_none_s16_large_superset_never,v2,none,16,large,superset,never,395,1,entry_v2_none_s16_never
case_112_v3_hint_s16_small_baseline_none,v3,hint,16,small,baseline,none,15,1,entry_v3_hint_s16_none
case_113_v3_hint_s16_small_baseline_hint,v3,hint,16,small,baseline,hint,15,1,__arcane_entry_v3_hint_s16_hint
case_114_v3_hint_s16_small_baseline_always,v3,hint,16,small,baseline,always,15,1,__arcane_entry_v3_hint_s16_hint
case_115_v3_hint_s16_small_baseline_never,v3,hint,16,small,baseline,never,15,1,entry_v3_hint_s16_never
case_116_v3_hint_s16_small_matching_direct,v3,hint,16,small,matching,direct,40,0,
case_117_v3_hint_s16_small_matching_none,v3,hint,16,small,matching,none,14,1,entry_v3_hint_s16_none
case_118_v3_hint_s16_small_matching_hint,v3,hint,16,small,matching,hint,40,0,
case_119_v3_hint_s16_small_matching_always,v3,hint,16,small,matching,always,40,0,
case_120_v3_hint_s16_small_matching_never,v3,hint,16,small,matching,never,14,1,entry_v3_hint_s16_never
case_121_v2_hint_s16_small_superset_direct,v2,hint,16,small,superset,direct,40,0,
case_122_v2_hint_s16_small_superset_none,v2,hint,16,small,superset,none,14,1,entry_v2_hint_s16_none
case_123_v2_hint_s16_small_superset_hint,v2,hint,16,small,superset,hint,40,0,
case_124_v2_hint_s16_small_superset_always,v2,hint,16,small,superset,always,40,0,
case_125_v2_hint_s16_small_superset_never,v2,hint,16,small,superset,never,14,1,entry_v2_hint_s16_never
case_126_v3_hint_s16_large_baseline_none,v3,hint,16,large,baseline,none,396,1,entry_v3_hint_s16_none
case_127_v3_hint_s16_large_baseline_hint,v3,hint,16,large,baseline,hint,396,1,__arcane_entry_v3_hint_s16_hint
case_128_v3_hint_s16_large_baseline_always,v3,hint,16,large,baseline,always,396,1,__arcane_entry_v3_hint_s16_hint
case_129_v3_hint_s16_large_baseline_never,v3,hint,16,large,baseline,never,396,1,entry_v3_hint_s16_never
case_130_v3_hint_s16_large_matching_direct,v3,hint,16,large,matching,direct,421,0,
case_131_v3_hint_s16_large_matching_none,v3,hint,16,large,matching,none,395,1,entry_v3_hint_s16_none
case_132_v3_hint_s16_large_matching_hint,v3,hint,16,large,matching,hint,421,0,
case_133_v3_hint_s16_large_matching_always,v3,hint,16,large,matching,always,421,0,
case_134_v3_hint_s16_large_matching_never,v3,hint,16,large,matching,never,395,1,entry_v3_hint_s16_never
case_135_v2_hint_s16_large_superset_direct,v2,hint,16,large,superset,direct,421,0,
case_136_v2_hint_s16_large_superset_none,v2,hint,16,large,superset,none,395,1,entry_v2_hint_s16_none
case_137_v2_hint_s16_large_superset_hint,v2,hint,16,large,superset,hint,421,0,
case_138_v2_hint_s16_large_superset_always,v2,hint,16,large,superset,always,421,0,
case_139_v2_hint_s16_large_superset_never,v2,hint,16,large,superset,never,395,1,entry_v2_hint_s16_never
case_140_v3_never_s16_small_baseline_none,v3,never,16,small,baseline,none,15,1,entry_v3_never_s16_none
case_141_v3_never_s16_small_baseline_hint,v3,never,16,small,baseline,hint,15,1,__arcane_entry_v3_never_s16_hint
case_142_v3_never_s16_small_baseline_always,v3,never,16,small,baseline,always,15,1,__arcane_entry_v3_never_s16_hint
case_143_v3_never_s16_small_baseline_never,v3,never,16,small,baseline,never,15,1,entry_v3_never_s16_never
case_144_v3_never_s16_small_matching_direct,v3,never,16,small,matching,direct,14,1,core_v3_never_s16
case_145_v3_never_s16_small_matching_none,v3,never,16,small,matching,none,14,1,entry_v3_never_s16_none
case_146_v3_never_s16_small_matching_hint,v3,never,16,small,matching,hint,14,1,core_v3_never_s16
case_147_v3_never_s16_small_matching_always,v3,never,16,small,matching,always,14,1,core_v3_never_s16
case_148_v3_never_s16_small_matching_never,v3,never,16,small,matching,never,14,1,entry_v3_never_s16_never
case_149_v2_never_s16_small_superset_direct,v2,never,16,small,superset,direct,14,1,core_v2_never_s16
case_150_v2_never_s16_small_superset_none,v2,never,16,small,superset,none,14,1,entry_v2_never_s16_none
case_151_v2_never_s16_small_superset_hint,v2,never,16,small,superset,hint,14,1,core_v2_never_s16
case_152_v2_never_s16_small_superset_always,v2,never,16,small,superset,always,14,1,core_v2_never_s16
case_153_v2_never_s16_small_superset_never,v2,never,16,small,superset,never,14,1,entry_v2_never_s16_never
case_154_v3_never_s16_large_baseline_none,v3,never,16,large,baseline,none,396,1,entry_v3_never_s16_none
case_155_v3_never_s16_large_baseline_hint,v3,never,16,large,baseline,hint,396,1,__arcane_entry_v3_never_s16_hint
case_156_v3_never_s16_large_baseline_always,v3,never,16,large,baseline,always,396,1,__arcane_entry_v3_never_s16_hint
case_157_v3_never_s16_large_baseline_never,v3,never,16,large,baseline,never,396,1,entry_v3_never_s16_never
case_158_v3_never_s16_large_matching_direct,v3,never,16,large,matching,direct,395,1,core_v3_never_s16
case_159_v3_never_s16_large_matching_none,v3,never,16,large,matching,none,395,1,entry_v3_never_s16_none
case_160_v3_never_s16_large_matching_hint,v3,never,16,large,matching,hint,395,1,core_v3_never_s16
case_161_v3_never_s16_large_matching_always,v3,never,16,large,matching,always,395,1,core_v3_never_s16
case_162_v3_never_s16_large_matching_never,v3,never,16,large,matching,never,395,1,entry_v3_never_s16_never
case_163_v2_never_s16_large_superset_direct,v2,never,16,large,superset,direct,395,1,core_v2_never_s16
case_164_v2_never_s16_large_superset_none,v2,never,16,large,superset,none,395,1,entry_v2_never_s16_none
case_165_v2_never_s16_large_superset_hint,v2,never,16,large,superset,hint,395,1,core_v2_never_s16
case_166_v2_never_s16_large_superset_always,v2,never,16,large,superset,always,395,1,core_v2_never_s16
case_167_v2_never_s16_large_superset_never,v2,never,16,large,superset,never,395,1,entry_v2_never_s16_never
case_168_v3_none_s128_small_baseline_none,v3,none,128,small,baseline,none,15,1,entry_v3_none_s128_none
case_169_v3_none_s128_small_baseline_hint,v3,none,128,small,baseline,hint,15,1,__arcane_entry_v3_none_s128_hint
case_170_v3_none_s128_small_baseline_always,v3,none,128,small,baseline,always,15,1,__arcane_entry_v3_none_s128_hint
case_171_v3_none_s128_small_baseline_never,v3,none,128,small,baseline,never,15,1,entry_v3_none_s128_never
case_172_v3_none_s128_small_matching_direct,v3,none,128,small,matching,direct,14,1,core_v3_none_s128
case_173_v3_none_s128_small_matching_none,v3,none,128,small,matching,none,14,1,entry_v3_none_s128_none
case_174_v3_none_s128_small_matching_hint,v3,none,128,small,matching,hint,14,1,core_v3_none_s128
case_175_v3_none_s128_small_matching_always,v3,none,128,small,matching,always,14,1,core_v3_none_s128
case_176_v3_none_s128_small_matching_never,v3,none,128,small,matching,never,14,1,entry_v3_none_s128_never
case_177_v2_none_s128_small_superset_direct,v2,none,128,small,superset,direct,14,1,core_v2_none_s128
case_178_v2_none_s128_small_superset_none,v2,none,128,small,superset,none,14,1,entry_v2_none_s128_none
case_179_v2_none_s128_small_superset_hint,v2,none,128,small,superset,hint,14,1,core_v2_none_s128
case_180_v2_none_s128_small_superset_always,v2,none,128,small,superset,always,14,1,core_v2_none_s128
case_181_v2_none_s128_small_superset_never,v2,none,128,small,superset,never,14,1,entry_v2_none_s128_never
case_182_v3_none_s128_large_baseline_none,v3,none,128,large,baseline,none,396,1,entry_v3_none_s128_none
case_183_v3_none_s128_large_baseline_hint,v3,none,128,large,baseline,hint,396,1,__arcane_entry_v3_none_s128_hint
case_184_v3_none_s128_large_baseline_always,v3,none,128,large,baseline,always,396,1,__arcane_entry_v3_none_s128_hint
case_185_v3_none_s128_large_baseline_never,v3,none,128,large,baseline,never,396,1,entry_v3_none_s128_never
case_186_v3_none_s128_large_matching_direct,v3,none,128,large,matching,direct,395,1,core_v3_none_s128
case_187_v3_none_s128_large_matching_none,v3,none,128,large,matching,none,395,1,entry_v3_none_s128_none
case_188_v3_none_s128_large_matching_hint,v3,none,128,large,matching,hint,395,1,core_v3_none_s128
case_189_v3_none_s128_large_matching_always,v3,none,128,large,matching,always,395,1,core_v3_none_s128
case_190_v3_none_s128_large_matching_never,v3,none,128,large,matching,never,395,1,entry_v3_none_s128_never
case_191_v2_none_s128_large_superset_direct,v2,none,128,large,superset,direct,395,1,core_v2_none_s128
case_192_v2_none_s128_large_superset_none,v2,none,128,large,superset,none,395,1,entry_v2_none_s128_none
case_193_v2_none_s128_large_superset_hint,v2,none,128,large,superset,hint,395,1,core_v2_none_s128
case_194_v2_none_s128_large_superset_always,v2,none,128,large,superset,always,395,1,core_v2_none_s128
case_195_v2_none_s128_large_superset_never,v2,none,128,large,superset,never,395,1,entry_v2_none_s128_never
case_196_v3_hint_s128_small_baseline_none,v3,hint,128,small,baseline,none,15,1,entry_v3_hint_s128_none
case_197_v3_hint_s128_small_baseline_hint,v3,hint,128,small,baseline,hint,15,1,__arcane_entry_v3_hint_s128_hint
case_198_v3_hint_s128_small_baseline_always,v3,hint,128,small,baseline,always,15,1,__arcane_entry_v3_hint_s128_hint
case_199_v3_hint_s128_small_baseline_never,v3,hint,128,small,baseline,never,15,1,entry_v3_hint_s128_never
case_200_v3_hint_s128_small_matching_direct,v3,hint,128,small,matching,direct,16,1,core_v3_hint_s128
case_201_v3_hint_s128_small_matching_none,v3,hint,128,small,matching,none,14,1,entry_v3_hint_s128_none
case_202_v3_hint_s128_small_matching_hint,v3,hint,128,small,matching,hint,16,1,core_v3_hint_s128
case_203_v3_hint_s128_small_matching_always,v3,hint,128,small,matching,always,16,1,core_v3_hint_s128
case_204_v3_hint_s128_small_matching_never,v3,hint,128,small,matching,never,14,1,entry_v3_hint_s128_never
case_205_v2_hint_s128_small_superset_direct,v2,hint,128,small,superset,direct,14,1,core_v2_hint_s128
case_206_v2_hint_s128_small_superset_none,v2,hint,128,small,superset,none,14,1,entry_v2_hint_s128_none
case_207_v2_hint_s128_small_superset_hint,v2,hint,128,small,superset,hint,14,1,core_v2_hint_s128
case_208_v2_hint_s128_small_superset_always,v2,hint,128,small,superset,always,14,1,core_v2_hint_s128
case_209_v2_hint_s128_small_superset_never,v2,hint,128,small,superset,never,14,1,entry_v2_hint_s128_never
case_210_v3_hint_s128_large_baseline_none,v3,hint,128,large,baseline,none,396,1,entry_v3_hint_s128_none
case_211_v3_hint_s128_large_baseline_hint,v3,hint,128,large,baseline,hint,396,1,__arcane_entry_v3_hint_s128_hint
case_212_v3_hint_s128_large_baseline_always,v3,hint,128,large,baseline,always,396,1,__arcane_entry_v3_hint_s128_hint
case_213_v3_hint_s128_large_baseline_never,v3,hint,128,large,baseline,never,396,1,entry_v3_hint_s128_never
case_214_v3_hint_s128_large_matching_direct,v3,hint,128,large,matching,direct,397,1,core_v3_hint_s128
case_215_v3_hint_s128_large_matching_none,v3,hint,128,large,matching,none,395,1,entry_v3_hint_s128_none
case_216_v3_hint_s128_large_matching_hint,v3,hint,128,large,matching,hint,397,1,core_v3_hint_s128
case_217_v3_hint_s128_large_matching_always,v3,hint,128,large,matching,always,397,1,core_v3_hint_s128
case_218_v3_hint_s128_large_matching_never,v3,hint,128,large,matching,never,395,1,entry_v3_hint_s128_never
case_219_v2_hint_s128_large_superset_direct,v2,hint,128,large,superset,direct,395,1,core_v2_hint_s128
case_220_v2_hint_s128_large_superset_none,v2,hint,128,large,superset,none,395,1,entry_v2_hint_s128_none
case_221_v2_hint_s128_large_superset_hint,v2,hint,128,large,superset,hint,395,1,core_v2_hint_s128
case_222_v2_hint_s128_large_superset_always,v2,hint,128,large,superset,always,395,1,core_v2_hint_s128
case_223_v2_hint_s128_large_superset_never,v2,hint,128,large,superset,never,395,1,entry_v2_hint_s128_never
case_224_v3_never_s128_small_baseline_none,v3,never,128,small,baseline,none,15,1,entry_v3_never_s128_none
case_225_v3_never_s128_small_baseline_hint,v3,never,128,small,baseline,hint,15,1,__arcane_entry_v3_never_s128_hint
case_226_v3_never_s128_small_baseline_always,v3,never,128,small,baseline,always,15,1,__arcane_entry_v3_never_s128_hint
case_227_v3_never_s128_small_baseline_never,v3,never,128,small,baseline,never,15,1,entry_v3_never_s128_never
case_228_v3_never_s128_small_matching_direct,v3,never,128,small,matching,direct,14,1,core_v3_never_s128
case_229_v3_never_s128_small_matching_none,v3,never,128,small,matching,none,14,1,entry_v3_never_s128_none
case_230_v3_never_s128_small_matching_hint,v3,never,128,small,matching,hint,14,1,core_v3_never_s128
case_231_v3_never_s128_small_matching_always,v3,never,128,small,matching,always,14,1,core_v3_never_s128
case_232_v3_never_s128_small_matching_never,v3,never,128,small,matching,never,14,1,entry_v3_never_s128_never
case_233_v2_never_s128_small_superset_direct,v2,never,128,small,superset,direct,14,1,core_v2_never_s128
case_234_v2_never_s128_small_superset_none,v2,never,128,small,superset,none,14,1,entry_v2_never_s128_none
case_235_v2_never_s128_small_superset_hint,v2,never,128,small,superset,hint,14,1,core_v2_never_s128
case_236_v2_never_s128_small_superset_always,v2,never,128,small,superset,always,14,1,core_v2_never_s128
case_237_v2_never_s128_small_superset_never,v2,never,128,small,superset,never,14,1,entry_v2_never_s128_never
case_238_v3_never_s128_large_baseline_none,v3,never,128,large,baseline,none,396,1,entry_v3_never_s128_none
case_239_v3_never_s128_large_baseline_hint,v3,never,128,large,baseline,hint,396,1,__arcane_entry_v3_never_s128_hint
case_240_v3_never_s128_large_baseline_always,v3,never,128,large,baseline,always,396,1,__arcane_entry_v3_never_s128_hint
case_241_v3_never_s128_large_baseline_never,v3,never,128,large,baseline,never,396,1,entry_v3_never_s128_never
case_242_v3_never_s128_large_matching_direct,v3,never,128,large,matching,direct,395,1,core_v3_never_s128
case_243_v3_never_s128_large_matching_none,v3,never,128,large,matching,none,395,1,entry_v3_never_s128_none
case_244_v3_never_s128_large_matching_hint,v3,never,128,large,matching,hint,395,1,core_v3_never_s128
case_245_v3_never_s128_large_matching_always,v3,never,128,large,matching,always,395,1,core_v3_never_s128
case_246_v3_never_s128_large_matching_never,v3,never,128,large,matching,never,395,1,entry_v3_never_s128_never
case_247_v2_never_s128_large_superset_direct,v2,never,128,large,superset,direct,395,1,core_v2_never_s128
case_248_v2_never_s128_large_superset_none,v2,never,128,large,superset,none,395,1,entry_v2_never_s128_none
case_249_v2_never_s128_large_superset_hint,v2,never,128,large,superset,hint,395,1,core_v2_never_s128
case_250_v2_never_s128_large_superset_always,v2,never,128,large,superset,always,395,1,core_v2_never_s128
case_251_v2_never_s128_large_superset_never,v2,never,128,large,superset,never,395,1,entry_v2_never_s128_never
