revision,case,allocations_per_expansion,bytes_per_expansion,ns_per_expansion_single_run
before,arcane,125,10163,63297
before,arcane-dispatch,171,10571,68829
before,rite,88,8949,36836
before,attune-raw,81,8726,36419
before,attune-wrap,125,10195,51357
before,attune-direct,171,11180,73170
before,attune-all,585,32539,241235
before,attune-compose,742,42699,347525
before,magetypes,660,47040,350871
before,autoversion,631,36796,252015
initial,arcane,125,10163,71825
initial,arcane-dispatch,171,10571,70695
initial,rite,88,8949,39164
initial,attune-raw,81,8726,37318
initial,attune-wrap,125,10195,52088
initial,attune-direct,175,11276,74938
initial,attune-all,589,32635,245919
initial,attune-compose,761,43271,378460
initial,magetypes,660,47040,355501
initial,autoversion,631,36796,253888
final,arcane,125,10163,64792
final,arcane-dispatch,171,10571,69186
final,rite,88,8949,37132
final,attune-raw,81,8726,36896
final,attune-wrap,125,10195,51789
final,attune-direct,171,11180,74495
final,attune-all,585,32539,246565
final,attune-compose,743,42723,355937
final,magetypes,660,47040,350558
final,autoversion,631,36796,251353
