package,file,line,body_file,body_line,function,source_visibility,body_visibility,policy_visibility,kind,tier,old_selected,selected
zenav1-svt-dsp,zenav1-svt/rust/crates/svtav1-dsp/src/me_sad.rs,188,zenav1-svt/rust/crates/svtav1-dsp/src/me_sad.rs,197,block_sad_v3,pub,private,pub,hidden_sibling,Desktop64,none,inline
zenav1-svt-dsp,zenav1-svt/rust/crates/svtav1-dsp/src/me_sad.rs,248,zenav1-svt/rust/crates/svtav1-dsp/src/me_sad.rs,257,block_sad_v4,pub,private,pub,hidden_sibling,X64V4Token,none,inline
zenav1-svt-dsp,zenav1-svt/rust/crates/svtav1-dsp/src/me_sad.rs,516,zenav1-svt/rust/crates/svtav1-dsp/src/me_sad.rs,525,block_sum_sse_v3,pub,private,pub,hidden_sibling,Desktop64,none,inline
zenav1-svt-dsp,zenav1-svt/rust/crates/svtav1-dsp/src/me_sad.rs,581,zenav1-svt/rust/crates/svtav1-dsp/src/me_sad.rs,590,block_sum_sse_v4,pub,private,pub,hidden_sibling,X64V4Token,none,inline
zenav1-svt-dsp,zenav1-svt/rust/crates/svtav1-dsp/src/me_sad.rs,843,zenav1-svt/rust/crates/svtav1-dsp/src/me_sad.rs,852,block_sad_x4_v3,pub,private,pub,hidden_sibling,Desktop64,none,inline
zenav1-svt-dsp,zenav1-svt/rust/crates/svtav1-dsp/src/me_sad.rs,1026,zenav1-svt/rust/crates/svtav1-dsp/src/me_sad.rs,1035,block_sad_x4_v4,pub,private,pub,hidden_sibling,X64V4Token,none,inline
rav1d-safe,rav1d-safe/src/safe_simd/itx/part09_identity_hybrid_16bpc.rs,184,rav1d-safe/src/safe_simd/itx/part09_identity_hybrid_16bpc.rs,192,inv_identity_add_16x16_16bpc_avx2,pub,private,pub,hidden_sibling,Desktop64,none,inline
rav1d-safe,rav1d-safe/src/safe_simd/itx/part09_identity_hybrid_16bpc.rs,92,rav1d-safe/src/safe_simd/itx/part09_identity_hybrid_16bpc.rs,100,inv_identity_add_8x8_16bpc_avx2,pub,private,pub,hidden_sibling,Desktop64,none,inline
rav1d-safe,rav1d-safe/src/safe_simd/itx/part09_identity_hybrid_16bpc.rs,8,rav1d-safe/src/safe_simd/itx/part09_identity_hybrid_16bpc.rs,16,inv_identity_add_4x4_16bpc_avx2,pub,private,pub,hidden_sibling,Desktop64,none,inline
rav1d-safe,rav1d-safe/src/safe_simd/itx/part08_rect_dct_adst_16bpc.rs,2577,rav1d-safe/src/safe_simd/itx/part08_rect_dct_adst_16bpc.rs,2492,inv_txfm_add_flipadst_adst_16x16_16bpc_avx2_inner,pub,private,pub,hidden_sibling,Desktop64,none,inline
rav1d-safe,rav1d-safe/src/safe_simd/itx/part08_rect_dct_adst_16bpc.rs,2572,rav1d-safe/src/safe_simd/itx/part08_rect_dct_adst_16bpc.rs,2492,inv_txfm_add_adst_flipadst_16x16_16bpc_avx2_inner,pub,private,pub,hidden_sibling,Desktop64,none,inline
rav1d-safe,rav1d-safe/src/safe_simd/itx/part08_rect_dct_adst_16bpc.rs,2567,rav1d-safe/src/safe_simd/itx/part08_rect_dct_adst_16bpc.rs,2492,inv_txfm_add_flipadst_flipadst_16x16_16bpc_avx2_inner,pub,private,pub,hidden_sibling,Desktop64,none,inline
rav1d-safe,rav1d-safe/src/safe_simd/itx/part08_rect_dct_adst_16bpc.rs,2562,rav1d-safe/src/safe_simd/itx/part08_rect_dct_adst_16bpc.rs,2492,inv_txfm_add_dct_flipadst_16x16_16bpc_avx2_inner,pub,private,pub,hidden_sibling,Desktop64,none,inline
rav1d-safe,rav1d-safe/src/safe_simd/itx/part08_rect_dct_adst_16bpc.rs,2557,rav1d-safe/src/safe_simd/itx/part08_rect_dct_adst_16bpc.rs,2492,inv_txfm_add_flipadst_dct_16x16_16bpc_avx2_inner,pub,private,pub,hidden_sibling,Desktop64,none,inline
rav1d-safe,rav1d-safe/src/safe_simd/itx/part08_rect_dct_adst_16bpc.rs,2552,rav1d-safe/src/safe_simd/itx/part08_rect_dct_adst_16bpc.rs,2492,inv_txfm_add_adst_adst_16x16_16bpc_avx2_inner,pub,private,pub,hidden_sibling,Desktop64,none,inline
rav1d-safe,rav1d-safe/src/safe_simd/itx/part08_rect_dct_adst_16bpc.rs,2547,rav1d-safe/src/safe_simd/itx/part08_rect_dct_adst_16bpc.rs,2492,inv_txfm_add_dct_adst_16x16_16bpc_avx2_inner,pub,private,pub,hidden_sibling,Desktop64,none,inline
rav1d-safe,rav1d-safe/src/safe_simd/itx/part08_rect_dct_adst_16bpc.rs,2542,rav1d-safe/src/safe_simd/itx/part08_rect_dct_adst_16bpc.rs,2492,inv_txfm_add_adst_dct_16x16_16bpc_avx2_inner,pub,private,pub,hidden_sibling,Desktop64,none,inline
rav1d-safe,rav1d-safe/src/safe_simd/itx/part08_rect_dct_adst_16bpc.rs,2116,rav1d-safe/src/safe_simd/itx/part08_rect_dct_adst_16bpc.rs,2025,inv_txfm_add_flipadst_adst_8x8_16bpc_avx2_inner,pub,private,pub,hidden_sibling,Desktop64,none,inline
rav1d-safe,rav1d-safe/src/safe_simd/itx/part08_rect_dct_adst_16bpc.rs,2111,rav1d-safe/src/safe_simd/itx/part08_rect_dct_adst_16bpc.rs,2025,inv_txfm_add_adst_flipadst_8x8_16bpc_avx2_inner,pub,private,pub,hidden_sibling,Desktop64,none,inline
rav1d-safe,rav1d-safe/src/safe_simd/itx/part08_rect_dct_adst_16bpc.rs,2106,rav1d-safe/src/safe_simd/itx/part08_rect_dct_adst_16bpc.rs,2025,inv_txfm_add_flipadst_flipadst_8x8_16bpc_avx2_inner,pub,private,pub,hidden_sibling,Desktop64,none,inline
rav1d-safe,rav1d-safe/src/safe_simd/itx/part08_rect_dct_adst_16bpc.rs,2101,rav1d-safe/src/safe_simd/itx/part08_rect_dct_adst_16bpc.rs,2025,inv_txfm_add_dct_flipadst_8x8_16bpc_avx2_inner,pub,private,pub,hidden_sibling,Desktop64,none,inline
rav1d-safe,rav1d-safe/src/safe_simd/itx/part08_rect_dct_adst_16bpc.rs,2096,rav1d-safe/src/safe_simd/itx/part08_rect_dct_adst_16bpc.rs,2025,inv_txfm_add_flipadst_dct_8x8_16bpc_avx2_inner,pub,private,pub,hidden_sibling,Desktop64,none,inline
rav1d-safe,rav1d-safe/src/safe_simd/itx/part08_rect_dct_adst_16bpc.rs,2091,rav1d-safe/src/safe_simd/itx/part08_rect_dct_adst_16bpc.rs,2025,inv_txfm_add_adst_adst_8x8_16bpc_avx2_inner,pub,private,pub,hidden_sibling,Desktop64,none,inline
rav1d-safe,rav1d-safe/src/safe_simd/itx/part08_rect_dct_adst_16bpc.rs,2086,rav1d-safe/src/safe_simd/itx/part08_rect_dct_adst_16bpc.rs,2025,inv_txfm_add_dct_adst_8x8_16bpc_avx2_inner,pub,private,pub,hidden_sibling,Desktop64,none,inline
rav1d-safe,rav1d-safe/src/safe_simd/itx/part08_rect_dct_adst_16bpc.rs,2081,rav1d-safe/src/safe_simd/itx/part08_rect_dct_adst_16bpc.rs,2025,inv_txfm_add_adst_dct_8x8_16bpc_avx2_inner,pub,private,pub,hidden_sibling,Desktop64,none,inline
rav1d-safe,rav1d-safe/src/safe_simd/itx/part06_adst_flipadst_vh.rs,2020,rav1d-safe/src/safe_simd/itx/part06_adst_flipadst_vh.rs,1155,inv_txfm_add_dct_identity_8x8_8bpc_avx2_inner,pub,private,pub,hidden_sibling,Desktop64,none,inline
rav1d-safe,rav1d-safe/src/safe_simd/itx/part06_adst_flipadst_vh.rs,2015,rav1d-safe/src/safe_simd/itx/part06_adst_flipadst_vh.rs,1155,inv_txfm_add_identity_dct_8x8_8bpc_avx2_inner,pub,private,pub,hidden_sibling,Desktop64,none,inline
rav1d-safe,rav1d-safe/src/safe_simd/itx/part06_adst_flipadst_vh.rs,2010,rav1d-safe/src/safe_simd/itx/part06_adst_flipadst_vh.rs,1155,inv_txfm_add_flipadst_identity_8x8_8bpc_avx2_inner,pub,private,pub,hidden_sibling,Desktop64,none,inline
rav1d-safe,rav1d-safe/src/safe_simd/itx/part06_adst_flipadst_vh.rs,2005,rav1d-safe/src/safe_simd/itx/part06_adst_flipadst_vh.rs,1155,inv_txfm_add_identity_flipadst_8x8_8bpc_avx2_inner,pub,private,pub,hidden_sibling,Desktop64,none,inline
rav1d-safe,rav1d-safe/src/safe_simd/itx/part06_adst_flipadst_vh.rs,2000,rav1d-safe/src/safe_simd/itx/part06_adst_flipadst_vh.rs,1155,inv_txfm_add_adst_identity_8x8_8bpc_avx2_inner,pub,private,pub,hidden_sibling,Desktop64,none,inline
rav1d-safe,rav1d-safe/src/safe_simd/itx/part06_adst_flipadst_vh.rs,1995,rav1d-safe/src/safe_simd/itx/part06_adst_flipadst_vh.rs,1155,inv_txfm_add_identity_adst_8x8_8bpc_avx2_inner,pub,private,pub,hidden_sibling,Desktop64,none,inline
rav1d-safe,rav1d-safe/src/safe_simd/itx/part06_adst_flipadst_vh.rs,1235,rav1d-safe/src/safe_simd/itx/part06_adst_flipadst_vh.rs,1155,inv_txfm_add_flipadst_adst_8x8_8bpc_avx2_inner,pub,private,pub,hidden_sibling,Desktop64,none,inline
rav1d-safe,rav1d-safe/src/safe_simd/itx/part06_adst_flipadst_vh.rs,1230,rav1d-safe/src/safe_simd/itx/part06_adst_flipadst_vh.rs,1155,inv_txfm_add_adst_flipadst_8x8_8bpc_avx2_inner,pub,private,pub,hidden_sibling,Desktop64,none,inline
rav1d-safe,rav1d-safe/src/safe_simd/itx/part06_adst_flipadst_vh.rs,1225,rav1d-safe/src/safe_simd/itx/part06_adst_flipadst_vh.rs,1155,inv_txfm_add_flipadst_flipadst_8x8_8bpc_avx2_inner,pub,private,pub,hidden_sibling,Desktop64,none,inline
rav1d-safe,rav1d-safe/src/safe_simd/itx/part06_adst_flipadst_vh.rs,1220,rav1d-safe/src/safe_simd/itx/part06_adst_flipadst_vh.rs,1155,inv_txfm_add_dct_flipadst_8x8_8bpc_avx2_inner,pub,private,pub,hidden_sibling,Desktop64,none,inline
rav1d-safe,rav1d-safe/src/safe_simd/itx/part06_adst_flipadst_vh.rs,1215,rav1d-safe/src/safe_simd/itx/part06_adst_flipadst_vh.rs,1155,inv_txfm_add_flipadst_dct_8x8_8bpc_avx2_inner,pub,private,pub,hidden_sibling,Desktop64,none,inline
rav1d-safe,rav1d-safe/src/safe_simd/itx/part06_adst_flipadst_vh.rs,1210,rav1d-safe/src/safe_simd/itx/part06_adst_flipadst_vh.rs,1155,inv_txfm_add_adst_adst_8x8_8bpc_avx2_inner,pub,private,pub,hidden_sibling,Desktop64,none,inline
rav1d-safe,rav1d-safe/src/safe_simd/itx/part06_adst_flipadst_vh.rs,1205,rav1d-safe/src/safe_simd/itx/part06_adst_flipadst_vh.rs,1155,inv_txfm_add_dct_adst_8x8_8bpc_avx2_inner,pub,private,pub,hidden_sibling,Desktop64,none,inline
rav1d-safe,rav1d-safe/src/safe_simd/itx/part06_adst_flipadst_vh.rs,1200,rav1d-safe/src/safe_simd/itx/part06_adst_flipadst_vh.rs,1155,inv_txfm_add_adst_dct_8x8_8bpc_avx2_inner,pub,private,pub,hidden_sibling,Desktop64,none,inline
rav1d-safe,rav1d-safe/src/safe_simd/itx/part01_macros_and_2d_transforms.rs,1710,rav1d-safe/src/safe_simd/itx/part01_macros_and_2d_transforms.rs,1718,inv_identity_add_16x16_8bpc_avx2,pub,private,pub,hidden_sibling,Desktop64,none,inline
rav1d-safe,rav1d-safe/src/safe_simd/itx/part01_macros_and_2d_transforms.rs,1105,rav1d-safe/src/safe_simd/itx/part01_macros_and_2d_transforms.rs,1113,inv_identity_add_8x8_8bpc_avx2,pub,private,pub,hidden_sibling,Desktop64,none,inline
rav1d-safe,rav1d-safe/src/safe_simd/itx/part01_macros_and_2d_transforms.rs,1008,rav1d-safe/src/safe_simd/itx/part01_macros_and_2d_transforms.rs,1016,inv_identity_add_4x4_8bpc_avx2,pub,private,pub,hidden_sibling,Desktop64,none,inline
