package,macro,source_visibility,body_visibility,policy_visibility,kind,selected,policy,generated_guards_match,count
inline-consumer-probe,arcane,inherited,inherited,inherited,direct,always,explicit_always,True,1
inline-consumer-probe,arcane,pub,private,pub,hidden_sibling,inline,default,True,1
inline-consumer-probe,arcane,pub,pub,pub,direct,inline,default,True,1
inline-consumer-probe,arcane,pub,pub,pub,proof_wrapper,always,unchanged,True,1
inline-consumer-probe,rite,inherited,inherited,inherited,direct,none,default,True,1
inline-consumer-probe,rite,pub,pub,pub,direct,inline,default,True,1
inline-consumer-probe,rite,pub(crate),pub(crate),pub(crate),direct,none,default,True,1
magetypes,arcane,inherited,inherited,inherited,proof_wrapper,always,unchanged,True,1348
magetypes,arcane,inherited,private,inherited,hidden_nested,none,default,True,1275
magetypes,arcane,inherited,private,inherited,hidden_sibling,none,default,True,73
magetypes,arcane,pub(crate),private,pub(crate),hidden_sibling,none,default,True,6
magetypes,arcane,pub(crate),pub(crate),pub(crate),proof_wrapper,always,unchanged,True,6
magetypes,arcane,pub(super),private,pub(super),hidden_sibling,none,default,False,2
magetypes,arcane,pub(super),private,pub(super),hidden_sibling,none,default,True,5
magetypes,arcane,pub(super),pub(super),pub(super),proof_wrapper,always,unchanged,False,2
magetypes,arcane,pub(super),pub(super),pub(super),proof_wrapper,always,unchanged,True,5
rav1d-safe,arcane,inherited,inherited,inherited,proof_wrapper,always,unchanged,True,448
rav1d-safe,arcane,inherited,private,inherited,hidden_sibling,none,default,True,448
rav1d-safe,arcane,pub,private,pub,hidden_sibling,inline,default,True,36
rav1d-safe,arcane,pub,pub,pub,proof_wrapper,always,unchanged,True,36
rav1d-safe,arcane,pub(super),private,pub(super),hidden_sibling,none,default,True,5
rav1d-safe,arcane,pub(super),pub(super),pub(super),proof_wrapper,always,unchanged,True,5
rav1d-safe,rite,inherited,inherited,inherited,direct,none,default,True,231
rav1d-safe,rite,pub(crate),pub(crate),pub(crate),direct,none,default,True,18
zenav1-svt-dsp,arcane,inherited,inherited,inherited,proof_wrapper,always,unchanged,True,73
zenav1-svt-dsp,arcane,inherited,private,inherited,hidden_sibling,none,default,True,73
zenav1-svt-dsp,arcane,pub,private,pub,hidden_sibling,inline,default,True,6
zenav1-svt-dsp,arcane,pub,pub,pub,proof_wrapper,always,unchanged,True,6
zenav1-svt-dsp,arcane,pub(super),private,pub(super),hidden_sibling,none,default,True,7
zenav1-svt-dsp,arcane,pub(super),pub(super),pub(super),proof_wrapper,always,unchanged,True,7
zenav1-svt-dsp,rite,inherited,inherited,inherited,direct,none,default,True,40
zenav1-svt-dsp,rite,pub(crate),pub(crate),pub(crate),direct,none,default,True,1
zenav1-svt-dsp,rite,pub(super),pub(super),pub(super),direct,none,default,True,157
zenav1-svt-encoder,arcane,inherited,inherited,inherited,proof_wrapper,always,unchanged,True,16
zenav1-svt-encoder,arcane,inherited,private,inherited,hidden_sibling,none,default,True,16
zenav1-svt-encoder,arcane,pub(super),private,pub(super),hidden_sibling,none,default,True,1
zenav1-svt-encoder,arcane,pub(super),pub(super),pub(super),proof_wrapper,always,unchanged,True,1
zenav1-svt-encoder,rite,inherited,inherited,inherited,direct,none,default,True,4
