package,file,selected,count
inline-consumer-probe,src/inline_inventory_controls.rs,inline,2
inline-consumer-probe,src/inline_inventory_controls.rs,none,3
magetypes,archmage/magetypes/src/nostd_math.rs,none,2
magetypes,archmage/magetypes/src/simd/generic/convert_f16.rs,none,4
magetypes,archmage/magetypes/src/simd/generic/cross_width.rs,none,6
magetypes,archmage/magetypes/src/simd/impls/x86_v3.rs,none,680
magetypes,archmage/magetypes/src/simd/impls/x86_v4.rs,none,658
magetypes,archmage/magetypes/src/simd/impls/x86_v4_f32_overrides.rs,none,3
magetypes,archmage/magetypes/src/simd_storage.rs,none,6
rav1d-safe,rav1d-safe/src/msac.rs,none,24
rav1d-safe,rav1d-safe/src/recon.rs,none,4
rav1d-safe,rav1d-safe/src/safe_simd/cdef.rs,none,9
rav1d-safe,rav1d-safe/src/safe_simd/filmgrain.rs,none,5
rav1d-safe,rav1d-safe/src/safe_simd/ipred.rs,none,65
rav1d-safe,rav1d-safe/src/safe_simd/itx/part01_macros_and_2d_transforms.rs,none,10
rav1d-safe,rav1d-safe/src/safe_simd/itx/part02_col_1d_avx512_pmaddwd.rs,none,51
rav1d-safe,rav1d-safe/src/safe_simd/itx/part03_adst16_and_small_rect.rs,none,80
rav1d-safe,rav1d-safe/src/safe_simd/itx/part04_rect_idtx_aspect.rs,none,95
rav1d-safe,rav1d-safe/src/safe_simd/itx/part06_adst_flipadst_vh.rs,none,17
rav1d-safe,rav1d-safe/src/safe_simd/itx/part07_32x32_64x64_dct.rs,none,17
rav1d-safe,rav1d-safe/src/safe_simd/itx/part08_rect_dct_adst_16bpc.rs,none,38
rav1d-safe,rav1d-safe/src/safe_simd/itx/part09_identity_hybrid_16bpc.rs,none,116
rav1d-safe,rav1d-safe/src/safe_simd/itx/part10_dispatch.rs,none,2
rav1d-safe,rav1d-safe/src/safe_simd/loopfilter.rs,none,44
rav1d-safe,rav1d-safe/src/safe_simd/loopfilter_packed16.rs,none,5
rav1d-safe,rav1d-safe/src/safe_simd/loopfilter_packed6.rs,none,3
rav1d-safe,rav1d-safe/src/safe_simd/looprestoration.rs,none,42
rav1d-safe,rav1d-safe/src/safe_simd/mc.rs,none,110
rav1d-safe,rav1d-safe/src/safe_simd/pal.rs,none,1
zenav1-svt-dsp,zenav1-svt/rust/crates/svtav1-dsp/src/cdef.rs,none,12
zenav1-svt-dsp,zenav1-svt/rust/crates/svtav1-dsp/src/cfl_kernel.rs,none,2
zenav1-svt-dsp,zenav1-svt/rust/crates/svtav1-dsp/src/copy.rs,none,3
zenav1-svt-dsp,zenav1-svt/rust/crates/svtav1-dsp/src/fwd_txfm.rs,none,4
zenav1-svt-dsp,zenav1-svt/rust/crates/svtav1-dsp/src/hadamard.rs,none,16
zenav1-svt-dsp,zenav1-svt/rust/crates/svtav1-dsp/src/hbd/cdef.rs,none,1
zenav1-svt-dsp,zenav1-svt/rust/crates/svtav1-dsp/src/inter_pred.rs,none,3
zenav1-svt-dsp,zenav1-svt/rust/crates/svtav1-dsp/src/intra_pred.rs,none,6
zenav1-svt-dsp,zenav1-svt/rust/crates/svtav1-dsp/src/intra_pred/directional.rs,none,2
zenav1-svt-dsp,zenav1-svt/rust/crates/svtav1-dsp/src/intra_pred/filter_intra.rs,none,2
zenav1-svt-dsp,zenav1-svt/rust/crates/svtav1-dsp/src/inv_txfm.rs,none,3
zenav1-svt-dsp,zenav1-svt/rust/crates/svtav1-dsp/src/loop_filter.rs,none,17
zenav1-svt-dsp,zenav1-svt/rust/crates/svtav1-dsp/src/me_sad.rs,none,6
zenav1-svt-dsp,zenav1-svt/rust/crates/svtav1-dsp/src/port_convolve.rs,none,15
zenav1-svt-dsp,zenav1-svt/rust/crates/svtav1-dsp/src/port_warp/mod.rs,none,2
zenav1-svt-dsp,zenav1-svt/rust/crates/svtav1-dsp/src/quant.rs,none,1
zenav1-svt-dsp,zenav1-svt/rust/crates/svtav1-dsp/src/quant_coding.rs,none,3
zenav1-svt-dsp,zenav1-svt/rust/crates/svtav1-dsp/src/residual.rs,none,5
zenav1-svt-dsp,zenav1-svt/rust/crates/svtav1-dsp/src/restoration/stats.rs,none,1
zenav1-svt-dsp,zenav1-svt/rust/crates/svtav1-dsp/src/restoration/wiener_conv.rs,none,10
zenav1-svt-dsp,zenav1-svt/rust/crates/svtav1-dsp/src/subpel_variance.rs,none,3
zenav1-svt-dsp,zenav1-svt/rust/crates/svtav1-dsp/src/txfm_simd.rs,none,30
zenav1-svt-dsp,zenav1-svt/rust/crates/svtav1-dsp/src/txfm_simd_4dim.rs,none,18
zenav1-svt-dsp,zenav1-svt/rust/crates/svtav1-dsp/src/txfm_simd_adst.rs,none,26
zenav1-svt-dsp,zenav1-svt/rust/crates/svtav1-dsp/src/txfm_simd_drivers.rs,none,10
zenav1-svt-dsp,zenav1-svt/rust/crates/svtav1-dsp/src/txfm_simd_drivers_v4.rs,none,4
zenav1-svt-dsp,zenav1-svt/rust/crates/svtav1-dsp/src/txfm_simd_ext.rs,none,35
zenav1-svt-dsp,zenav1-svt/rust/crates/svtav1-dsp/src/txfm_simd_kernels.rs,none,12
zenav1-svt-dsp,zenav1-svt/rust/crates/svtav1-dsp/src/txfm_simd_kernels_v4.rs,none,3
zenav1-svt-dsp,zenav1-svt/rust/crates/svtav1-dsp/src/txfm_simd_rect.rs,none,22
zenav1-svt-dsp,zenav1-svt/rust/crates/svtav1-dsp/src/variance.rs,none,7
zenav1-svt-encoder,zenav1-svt/rust/crates/svtav1-encoder/src/entropy/coeff_simd.rs,none,6
zenav1-svt-encoder,zenav1-svt/rust/crates/svtav1-encoder/src/inter_me/sad.rs,none,8
zenav1-svt-encoder,zenav1-svt/rust/crates/svtav1-encoder/src/leaf_funnel/cfl.rs,none,1
zenav1-svt-encoder,zenav1-svt/rust/crates/svtav1-encoder/src/motion_est.rs,none,2
zenav1-svt-encoder,zenav1-svt/rust/crates/svtav1-encoder/src/pd0/variance.rs,none,1
zenav1-svt-encoder,zenav1-svt/rust/crates/svtav1-encoder/src/port_md/pme.rs,none,2
zenav1-svt-encoder,zenav1-svt/rust/crates/svtav1-encoder/src/sc_detect.rs,none,1
