function,kind,selected,count
abs,hidden_nested,none,24
abs_diff,hidden_nested,none,8
add,hidden_nested,none,30
all_true,hidden_nested,none,32
any_true,hidden_nested,none,32
bitand,hidden_nested,none,30
bitcast_f32_to_i32,hidden_nested,none,5
bitcast_f64_to_i64,hidden_nested,none,2
bitcast_i16_to_u16,hidden_nested,none,2
bitcast_i32_to_f32,hidden_nested,none,5
bitcast_i32_to_u32,hidden_nested,none,2
bitcast_i64_to_f64,hidden_nested,none,2
bitcast_i64_to_u64,hidden_nested,none,2
bitcast_i8_to_u8,hidden_nested,none,2
bitcast_u16_to_i16,hidden_nested,none,2
bitcast_u32_to_i32,hidden_nested,none,2
bitcast_u64_to_i64,hidden_nested,none,2
bitcast_u8_to_i8,hidden_nested,none,2
bitmask,hidden_nested,none,32
bitor,hidden_nested,none,30
bitxor,hidden_nested,none,30
blend,hidden_nested,none,40
ceil,hidden_nested,none,8
convert_f32_to_i32,hidden_nested,none,5
convert_f32_to_i32_round,hidden_nested,none,5
convert_f32_to_i32_saturating,hidden_nested,none,5
convert_i32_to_f32,hidden_nested,none,5
div,hidden_nested,none,8
f16c_decode_v3,hidden_sibling,none,1
f16c_decode_v4,hidden_sibling,none,1
f16c_encode_v3,hidden_sibling,none,1
f16c_encode_v4,hidden_sibling,none,1
floor,hidden_nested,none,8
fma_v3,hidden_sibling,none,1
fmaf_v3,hidden_sibling,none,1
from_halves,hidden_nested,none,2
gather_or_epi32,hidden_sibling,none,1
gather_or_ps,hidden_sibling,none,1
gather_wrapping_epi32,hidden_sibling,none,1
gather_wrapping_ps,hidden_sibling,none,1
high,hidden_nested,none,2
inner,hidden_sibling,none,69
low,hidden_nested,none,2
madd_adjacent,hidden_nested,none,4
max,hidden_nested,none,40
min,hidden_nested,none,40
mul,hidden_nested,none,24
mul_add,hidden_nested,none,8
mul_add_portable,hidden_nested,none,8
mul_sub,hidden_nested,none,8
mul_sub_portable,hidden_nested,none,8
narrow_saturating_i16_to_i8,hidden_nested,none,5
narrow_saturating_i16_to_u8,hidden_nested,none,5
narrow_saturating_i32_to_i16,hidden_nested,none,5
narrow_saturating_i32_to_u16,hidden_nested,none,5
neg,hidden_nested,none,32
not,hidden_nested,none,30
pairwise_widen_add,hidden_nested,none,8
popcnt,hidden_nested,none,8
rcp_approx,hidden_nested,none,8
recip,hidden_nested,none,8
reduce_add,hidden_nested,none,40
reduce_add_u32,hidden_nested,none,4
reduce_max,hidden_nested,none,8
reduce_min,hidden_nested,none,8
round,hidden_nested,none,8
rsqrt,hidden_nested,none,8
rsqrt_approx,hidden_nested,none,8
saturating_add,hidden_nested,none,16
saturating_sub,hidden_nested,none,16
scatter_select_epi32,hidden_sibling,none,1
scatter_select_ps,hidden_sibling,none,1
shl_const,hidden_nested,none,32
shl_uniform,hidden_nested,none,16
shr_arithmetic_const,hidden_nested,none,24
shr_arithmetic_uniform,hidden_nested,none,12
shr_logical_const,hidden_nested,none,32
shr_logical_uniform,hidden_nested,none,16
simd_eq,hidden_nested,none,40
simd_ge,hidden_nested,none,40
simd_gt,hidden_nested,none,40
simd_le,hidden_nested,none,40
simd_lt,hidden_nested,none,40
simd_ne,hidden_nested,none,40
splat,hidden_nested,none,40
sqrt,hidden_nested,none,6
store_rgba_bytes,hidden_nested,none,2
store_rgba_bytes_x4_v4,hidden_sibling,none,1
sub,hidden_nested,none,30
sum_abs_diff,hidden_nested,none,4
to_u8_bytes,hidden_nested,none,2
to_u8_bytes_x4_v4,hidden_sibling,none,1
to_u8_bytes_x8_v4,hidden_sibling,none,1
transpose_8x8_repr,hidden_nested,none,1
widen_high_i16_to_i32,hidden_nested,none,5
widen_high_i8_to_i16,hidden_nested,none,5
widen_high_u16_to_u32,hidden_nested,none,5
widen_high_u8_to_u16,hidden_nested,none,5
widen_low_i16_to_i32,hidden_nested,none,5
widen_low_i8_to_i16,hidden_nested,none,5
widen_low_u16_to_u32,hidden_nested,none,5
widen_low_u8_to_u16,hidden_nested,none,5
zero,hidden_nested,none,40
