feature,pair,revision,stage,seconds,max_rss_kib,exit_code
macros,0,baseline,cold,1.7524491189979017,321384,0
macros,0,baseline,consumer,0.03862784500233829,76560,0
macros,0,candidate,cold,1.8775295279920101,321080,0
macros,0,candidate,consumer,0.03787014301633462,76776,0
macros,1,candidate,cold,1.9158506589883473,321212,0
macros,1,candidate,consumer,0.038393591006752104,76772,0
macros,1,baseline,cold,1.76267868001014,318824,0
macros,1,baseline,consumer,0.03871885300031863,76784,0
macros,2,baseline,cold,1.757770416996209,319016,0
macros,2,baseline,consumer,0.038423228019382805,76632,0
macros,2,candidate,cold,1.8929232550144661,319296,0
macros,2,candidate,consumer,0.03862507801386528,76892,0
macros,3,candidate,cold,1.8879217859939672,319124,0
macros,3,candidate,consumer,0.03789235302247107,76664,0
macros,3,baseline,cold,1.7764770140056498,320604,0
macros,3,baseline,consumer,0.038864692993229255,76576,0
macros,4,baseline,cold,1.7504638629907276,321732,0
macros,4,baseline,consumer,0.038745066995033994,76544,0
macros,4,candidate,cold,1.8867010870017111,320140,0
macros,4,candidate,consumer,0.038171189022250473,76816,0
macros,5,candidate,cold,1.934639690007316,318436,0
macros,5,candidate,consumer,0.038554970000404865,76844,0
macros,5,baseline,cold,1.7529104290006217,319100,0
macros,5,baseline,consumer,0.03831977999652736,76636,0
all,0,baseline,cold,3.149600717006251,391992,0
all,0,baseline,consumer,0.042205331003060564,82296,0
all,0,candidate,cold,3.2907023139996454,391552,0
all,0,candidate,consumer,0.042150433000642806,82308,0
all,1,candidate,cold,3.280091923981672,391988,0
all,1,candidate,consumer,0.04186918999766931,82332,0
all,1,baseline,cold,3.1593614800076466,392060,0
all,1,baseline,consumer,0.04199186901678331,82260,0
all,2,baseline,cold,3.143247225001687,391384,0
all,2,baseline,consumer,0.04366965300869197,82224,0
all,2,candidate,cold,3.282649095985107,391624,0
all,2,candidate,consumer,0.04457301602815278,82264,0
all,3,candidate,cold,3.3359076339984313,391980,0
all,3,candidate,consumer,0.042555265012197196,82332,0
all,3,baseline,cold,3.1606353060051333,391612,0
all,3,baseline,consumer,0.042761716002132744,82120,0
all,4,baseline,cold,3.1348712389881257,391564,0
all,4,baseline,consumer,0.042264999996405095,82040,0
all,4,candidate,cold,3.2995601590082515,391544,0
all,4,candidate,consumer,0.04314920198521577,82264,0
all,5,candidate,cold,3.3223586399981286,391544,0
all,5,candidate,consumer,0.04335048299981281,82372,0
all,5,baseline,cold,3.1566541889915243,391720,0
all,5,baseline,consumer,0.04205210201325826,82320,0
