features,label,run,total_seconds,magetypes_seconds,consumer_seconds,magetypes_frontend_seconds,magetypes_codegen_seconds
default,before,1,2.8676857149985153,1.27,0.05,1.22,0.05
default,before_local,1,2.8313198999967426,1.24,0.05,1.21,0.03
default,middle_explicit,1,2.8419815769884735,1.24,0.05,1.2,0.04
default,middle_local,1,2.8083058540069032,1.23,0.05,1.19,0.04
default,after_explicit,1,2.8423282879812177,1.25,0.05,1.21,0.04
default,after_local,1,2.8320811489829794,1.25,0.05,1.21,0.04
default,before_local,2,2.8280840319930576,1.24,0.05,1.2,0.04
default,middle_explicit,2,2.8084121969877742,1.22,0.05,1.19,0.03
default,middle_local,2,2.8035516089876182,1.23,0.05,1.19,0.04
default,after_explicit,2,2.852794044010807,1.26,0.05,1.22,0.04
default,after_local,2,2.824427247978747,1.25,0.05,1.2,0.05
default,before,2,2.83452400600072,1.27,0.05,1.23,0.04
default,middle_explicit,3,2.821647942997515,1.23,0.05,1.19,0.04
default,middle_local,3,2.852548206981737,1.26,0.05,1.22,0.04
default,after_explicit,3,2.83951435398194,1.26,0.05,1.22,0.04
default,after_local,3,2.837758618989028,1.25,0.05,1.22,0.03
default,before,3,2.8302147980139125,1.25,0.05,1.2,0.05
default,before_local,3,2.859828896005638,1.26,0.05,1.22,0.04
default,middle_local,4,2.822702050994849,1.23,0.05,1.2,0.03
default,after_explicit,4,2.8306239590165205,1.25,0.04,1.21,0.04
default,after_local,4,2.8373592289863154,1.24,0.05,1.2,0.04
default,before,4,2.8605818889918737,1.26,0.05,1.22,0.04
default,before_local,4,2.8418139450077433,1.27,0.05,1.23,0.04
default,middle_explicit,4,2.832186899991939,1.24,0.05,1.2,0.04
default,after_explicit,5,2.8299036110111047,1.23,0.05,1.2,0.03
default,after_local,5,2.851194779999787,1.27,0.05,1.23,0.04
default,before,5,2.8574153940135147,1.27,0.05,1.23,0.04
default,before_local,5,2.8412767440022435,1.26,0.05,1.22,0.04
default,middle_explicit,5,2.8265250580152497,1.24,0.05,1.19,0.05
default,middle_local,5,2.8227838420134503,1.24,0.05,1.19,0.05
default,after_local,6,2.8255448970012367,1.24,0.05,1.2,0.04
default,before,6,2.84341995199793,1.26,0.05,1.22,0.04
default,before_local,6,2.8411175000073854,1.26,0.05,1.22,0.04
default,middle_explicit,6,2.818944142985856,1.24,0.05,1.19,0.05
default,middle_local,6,2.8377798850124236,1.24,0.05,1.2,0.04
default,after_explicit,6,2.831634311005473,1.23,0.05,1.19,0.04
avx512,before,1,3.0611800249898806,1.48,0.05,1.44,0.04
avx512,before_local,1,3.082179224002175,1.47,0.05,1.43,0.04
avx512,middle_explicit,1,3.01059310301207,1.43,0.05,1.38,0.05
avx512,middle_local,1,3.0215590030129533,1.46,0.05,1.4,0.06
avx512,after_explicit,1,3.0264875429857057,1.44,0.05,1.4,0.04
avx512,after_local,1,3.048102792003192,1.46,0.05,1.42,0.04
avx512,before_local,2,3.0827703020186163,1.49,0.05,1.45,0.04
avx512,middle_explicit,2,3.0072217889828607,1.44,0.05,1.38,0.06
avx512,middle_local,2,3.048012501996709,1.46,0.05,1.4,0.06
avx512,after_explicit,2,3.0507188840128947,1.48,0.05,1.42,0.06
avx512,after_local,2,3.0469897740113083,1.47,0.05,1.41,0.06
avx512,before,2,3.0606478370027617,1.5,0.05,1.44,0.06
avx512,middle_explicit,3,3.020665971998824,1.43,0.05,1.38,0.05
avx512,middle_local,3,3.0505376099899877,1.48,0.05,1.41,0.07
avx512,after_explicit,3,3.0393120539956726,1.47,0.05,1.4,0.07
avx512,after_local,3,3.0200869849941228,1.47,0.05,1.41,0.06
avx512,before,3,3.0588056030101143,1.5,0.06,1.44,0.06
avx512,before_local,3,3.0858331530180294,1.5,0.05,1.44,0.06
avx512,middle_local,4,3.0256949799950235,1.45,0.05,1.4,0.05
avx512,after_explicit,4,3.0776768520008773,1.49,0.05,1.43,0.06
avx512,after_local,4,3.0463602770178113,1.46,0.05,1.41,0.05
avx512,before,4,3.0800256519869436,1.5,0.05,1.45,0.05
avx512,before_local,4,3.055645086977165,1.47,0.05,1.42,0.05
avx512,middle_explicit,4,3.028483692993177,1.46,0.05,1.4,0.06
avx512,after_explicit,5,3.0407774109917227,1.46,0.05,1.41,0.05
avx512,after_local,5,3.031707957998151,1.45,0.05,1.4,0.05
avx512,before,5,3.0902676050027367,1.49,0.05,1.44,0.05
avx512,before_local,5,3.0505659509799443,1.48,0.05,1.42,0.06
avx512,middle_explicit,5,3.0250978610129096,1.46,0.05,1.4,0.06
avx512,middle_local,5,3.0377457029826473,1.46,0.05,1.41,0.05
avx512,after_local,6,3.0156449879868887,1.44,0.05,1.39,0.05
avx512,before,6,3.0620752720278688,1.48,0.05,1.44,0.04
avx512,before_local,6,3.0550893880135845,1.47,0.05,1.42,0.05
avx512,middle_explicit,6,3.022429824981373,1.44,0.05,1.39,0.05
avx512,middle_local,6,3.0133136920048855,1.42,0.05,1.37,0.05
avx512,after_explicit,6,3.0535118650004733,1.47,0.05,1.43,0.04
