features,label,run,total_seconds,magetypes_seconds,consumer_seconds
default,before,1,2.6989549139980227,1.11,0.05
default,after_explicit,1,2.8624733070028014,1.26,0.05
default,after_local,1,2.8558143099944573,1.26,0.05
default,after_explicit,2,2.8653495860053226,1.26,0.05
default,after_local,2,2.832634741993388,1.24,0.05
default,before,2,2.6540088479814585,1.07,0.05
default,after_local,3,2.841962884995155,1.24,0.05
default,before,3,2.672974251996493,1.08,0.05
default,after_explicit,3,2.8511360570264515,1.28,0.05
avx512,before,1,2.8109592999971937,1.24,0.05
avx512,after_explicit,1,3.0804070380108897,1.5,0.05
avx512,after_local,1,3.067173746007029,1.48,0.05
avx512,after_explicit,2,3.061193784000352,1.47,0.05
avx512,after_local,2,3.0514465020096395,1.48,0.05
avx512,before,2,2.86451375199249,1.27,0.05
avx512,after_local,3,3.067760180012556,1.48,0.05
avx512,before,3,2.817390067008091,1.24,0.05
avx512,after_explicit,3,3.0700036410125904,1.49,0.05
