features,label,run,total_seconds,macros_seconds,magetypes_seconds,consumer_seconds
default,fixed8,1,2.8318435510154814,0.31,1.25,0.05
default,tier_width,1,2.8456776899984106,0.31,1.26,0.05
default,tier_width,2,2.8324586690287106,0.31,1.25,0.04
default,fixed8,2,2.814377708011307,0.31,1.24,0.04
default,fixed8,3,2.8299137630092446,0.32,1.26,0.04
default,tier_width,3,2.844872942980146,0.32,1.26,0.05
default,tier_width,4,2.8221367910155095,0.32,1.24,0.04
default,fixed8,4,2.8309176730108447,0.32,1.23,0.05
default,fixed8,5,2.8424437120265793,0.31,1.26,0.05
default,tier_width,5,2.8255138599779457,0.31,1.25,0.04
default,tier_width,6,2.851316375017632,0.32,1.25,0.05
default,fixed8,6,2.836337997985538,0.31,1.25,0.05
avx512,fixed8,1,3.056443036010023,0.31,1.46,0.05
avx512,tier_width,1,3.041842167993309,0.32,1.45,0.05
avx512,tier_width,2,3.0324058659898583,0.31,1.44,0.05
avx512,fixed8,2,3.0331948940001894,0.31,1.45,0.05
avx512,fixed8,3,3.061683141015237,0.31,1.47,0.05
avx512,tier_width,3,3.0739819429873023,0.32,1.47,0.05
avx512,tier_width,4,3.0601566339901183,0.32,1.46,0.05
avx512,fixed8,4,3.059232883999357,0.31,1.46,0.06
avx512,fixed8,5,3.035806642001262,0.31,1.45,0.05
avx512,tier_width,5,3.0595272430218756,0.31,1.46,0.06
avx512,tier_width,6,3.053786909003975,0.31,1.46,0.05
avx512,fixed8,6,3.054976204992272,0.31,1.47,0.05
